This is XeTeX, Version 3.141592653-2.6-0.999997 (TeX Live 2025) (preloaded format=xelatex 2025.9.10)  9 DEC 2025 16:23
entering extended mode
 restricted \write18 enabled.
 file:line:error style messages enabled.
 %&-line parsing enabled.
**physical-olympics-2.tex
(./physical-olympics-2.tex
LaTeX2e <2025-06-01> patch level 1
L3 programming layer <2025-08-13>
(c:/texlive/2025/texmf-dist/tex/latex/ctex/ctexbook.cls (c:/texlive/2025/texmf-dist/tex/latex/ctex/config/ctexbackend.cfg
File: ctexbackend.cfg 2022/07/14 v2.5.10 Backend configuration file (CTEX)
) (c:/texlive/2025/texmf-dist/tex/latex/l3kernel/expl3.sty
Package: expl3 2025-08-13 L3 programming layer (loader) 
(c:/texlive/2025/texmf-dist/tex/latex/l3backend/l3backend-xetex.def
File: l3backend-xetex.def 2025-06-09 L3 backend support: XeTeX
\g__graphics_track_int=\count271
\g__pdfannot_backend_int=\count272
\g__pdfannot_backend_link_int=\count273
))
Document Class: ctexbook 2022/07/14 v2.5.10 Chinese adapter for class book (CTEX)
(c:/texlive/2025/texmf-dist/tex/latex/ctex/ctexhook.sty
Package: ctexhook 2022/07/14 v2.5.10 Document and package hooks (CTEX)
) (c:/texlive/2025/texmf-dist/tex/latex/ctex/ctexpatch.sty
Package: ctexpatch 2022/07/14 v2.5.10 Patching commands (CTEX)
) (c:/texlive/2025/texmf-dist/tex/latex/base/fix-cm.sty
Package: fix-cm 2020/11/24 v1.1t fixes to LaTeX
(c:/texlive/2025/texmf-dist/tex/latex/base/ts1enc.def
File: ts1enc.def 2001/06/05 v3.0e (jk/car/fm) Standard LaTeX file
LaTeX Font Info:    Redeclaring font encoding TS1 on input line 47.
LaTeX Encoding Info:    Redeclaring text command \capitalcedilla (encoding TS1) on input line 49.
LaTeX Encoding Info:    Redeclaring text command \capitalogonek (encoding TS1) on input line 52.
LaTeX Encoding Info:    Redeclaring text command \capitalgrave (encoding TS1) on input line 55.
LaTeX Encoding Info:    Redeclaring text command \capitalacute (encoding TS1) on input line 56.
LaTeX Encoding Info:    Redeclaring text command \capitalcircumflex (encoding TS1) on input line 57.
LaTeX Encoding Info:    Redeclaring text command \capitaltilde (encoding TS1) on input line 58.
LaTeX Encoding Info:    Redeclaring text command \capitaldieresis (encoding TS1) on input line 59.
LaTeX Encoding Info:    Redeclaring text command \capitalhungarumlaut (encoding TS1) on input line 60.
LaTeX Encoding Info:    Redeclaring text command \capitalring (encoding TS1) on input line 61.
LaTeX Encoding Info:    Redeclaring text command \capitalcaron (encoding TS1) on input line 62.
LaTeX Encoding Info:    Redeclaring text command \capitalbreve (encoding TS1) on input line 63.
LaTeX Encoding Info:    Redeclaring text command \capitalmacron (encoding TS1) on input line 64.
LaTeX Encoding Info:    Redeclaring text command \capitaldotaccent (encoding TS1) on input line 65.
LaTeX Encoding Info:    Redeclaring text command \t (encoding TS1) on input line 66.
LaTeX Encoding Info:    Redeclaring text command \capitaltie (encoding TS1) on input line 67.
LaTeX Encoding Info:    Redeclaring text command \newtie (encoding TS1) on input line 68.
LaTeX Encoding Info:    Redeclaring text command \capitalnewtie (encoding TS1) on input line 69.
LaTeX Encoding Info:    Redeclaring text symbol \textcapitalcompwordmark (encoding TS1) on input line 70.
LaTeX Encoding Info:    Redeclaring text symbol \textascendercompwordmark (encoding TS1) on input line 71.
LaTeX Encoding Info:    Redeclaring text symbol \textquotestraightbase (encoding TS1) on input line 72.
LaTeX Encoding Info:    Redeclaring text symbol \textquotestraightdblbase (encoding TS1) on input line 73.
LaTeX Encoding Info:    Redeclaring text symbol \texttwelveudash (encoding TS1) on input line 74.
LaTeX Encoding Info:    Redeclaring text symbol \textthreequartersemdash (encoding TS1) on input line 75.
LaTeX Encoding Info:    Redeclaring text symbol \textleftarrow (encoding TS1) on input line 76.
LaTeX Encoding Info:    Redeclaring text symbol \textrightarrow (encoding TS1) on input line 77.
LaTeX Encoding Info:    Redeclaring text symbol \textblank (encoding TS1) on input line 78.
LaTeX Encoding Info:    Redeclaring text symbol \textdollar (encoding TS1) on input line 79.
LaTeX Encoding Info:    Redeclaring text symbol \textquotesingle (encoding TS1) on input line 80.
LaTeX Encoding Info:    Redeclaring text command \textasteriskcentered (encoding TS1) on input line 81.
LaTeX Encoding Info:    Redeclaring text symbol \textdblhyphen (encoding TS1) on input line 92.
LaTeX Encoding Info:    Redeclaring text symbol \textfractionsolidus (encoding TS1) on input line 93.
LaTeX Encoding Info:    Redeclaring text symbol \textzerooldstyle (encoding TS1) on input line 94.
LaTeX Encoding Info:    Redeclaring text symbol \textoneoldstyle (encoding TS1) on input line 95.
LaTeX Encoding Info:    Redeclaring text symbol \texttwooldstyle (encoding TS1) on input line 96.
LaTeX Encoding Info:    Redeclaring text symbol \textthreeoldstyle (encoding TS1) on input line 97.
LaTeX Encoding Info:    Redeclaring text symbol \textfouroldstyle (encoding TS1) on input line 98.
LaTeX Encoding Info:    Redeclaring text symbol \textfiveoldstyle (encoding TS1) on input line 99.
LaTeX Encoding Info:    Redeclaring text symbol \textsixoldstyle (encoding TS1) on input line 100.
LaTeX Encoding Info:    Redeclaring text symbol \textsevenoldstyle (encoding TS1) on input line 101.
LaTeX Encoding Info:    Redeclaring text symbol \texteightoldstyle (encoding TS1) on input line 102.
LaTeX Encoding Info:    Redeclaring text symbol \textnineoldstyle (encoding TS1) on input line 103.
LaTeX Encoding Info:    Redeclaring text symbol \textlangle (encoding TS1) on input line 104.
LaTeX Encoding Info:    Redeclaring text symbol \textminus (encoding TS1) on input line 105.
LaTeX Encoding Info:    Redeclaring text symbol \textrangle (encoding TS1) on input line 106.
LaTeX Encoding Info:    Redeclaring text symbol \textmho (encoding TS1) on input line 107.
LaTeX Encoding Info:    Redeclaring text symbol \textbigcircle (encoding TS1) on input line 108.
LaTeX Encoding Info:    Redeclaring text command \textcircled (encoding TS1) on input line 109.
LaTeX Encoding Info:    Redeclaring text symbol \textohm (encoding TS1) on input line 115.
LaTeX Encoding Info:    Redeclaring text symbol \textlbrackdbl (encoding TS1) on input line 116.
LaTeX Encoding Info:    Redeclaring text symbol \textrbrackdbl (encoding TS1) on input line 117.
LaTeX Encoding Info:    Redeclaring text symbol \textuparrow (encoding TS1) on input line 118.
LaTeX Encoding Info:    Redeclaring text symbol \textdownarrow (encoding TS1) on input line 119.
LaTeX Encoding Info:    Redeclaring text symbol \textasciigrave (encoding TS1) on input line 120.
LaTeX Encoding Info:    Redeclaring text symbol \textborn (encoding TS1) on input line 121.
LaTeX Encoding Info:    Redeclaring text symbol \textdivorced (encoding TS1) on input line 122.
LaTeX Encoding Info:    Redeclaring text symbol \textdied (encoding TS1) on input line 123.
LaTeX Encoding Info:    Redeclaring text symbol \textleaf (encoding TS1) on input line 124.
LaTeX Encoding Info:    Redeclaring text symbol \textmarried (encoding TS1) on input line 125.
LaTeX Encoding Info:    Redeclaring text symbol \textmusicalnote (encoding TS1) on input line 126.
LaTeX Encoding Info:    Redeclaring text symbol \texttildelow (encoding TS1) on input line 127.
LaTeX Encoding Info:    Redeclaring text symbol \textdblhyphenchar (encoding TS1) on input line 128.
LaTeX Encoding Info:    Redeclaring text symbol \textasciibreve (encoding TS1) on input line 129.
LaTeX Encoding Info:    Redeclaring text symbol \textasciicaron (encoding TS1) on input line 130.
LaTeX Encoding Info:    Redeclaring text symbol \textacutedbl (encoding TS1) on input line 131.
LaTeX Encoding Info:    Redeclaring text symbol \textgravedbl (encoding TS1) on input line 132.
LaTeX Encoding Info:    Redeclaring text symbol \textdagger (encoding TS1) on input line 133.
LaTeX Encoding Info:    Redeclaring text symbol \textdaggerdbl (encoding TS1) on input line 134.
LaTeX Encoding Info:    Redeclaring text symbol \textbardbl (encoding TS1) on input line 135.
LaTeX Encoding Info:    Redeclaring text symbol \textperthousand (encoding TS1) on input line 136.
LaTeX Encoding Info:    Redeclaring text symbol \textbullet (encoding TS1) on input line 137.
LaTeX Encoding Info:    Redeclaring text symbol \textcelsius (encoding TS1) on input line 138.
LaTeX Encoding Info:    Redeclaring text symbol \textdollaroldstyle (encoding TS1) on input line 139.
LaTeX Encoding Info:    Redeclaring text symbol \textcentoldstyle (encoding TS1) on input line 140.
LaTeX Encoding Info:    Redeclaring text symbol \textflorin (encoding TS1) on input line 141.
LaTeX Encoding Info:    Redeclaring text symbol \textcolonmonetary (encoding TS1) on input line 142.
LaTeX Encoding Info:    Redeclaring text symbol \textwon (encoding TS1) on input line 143.
LaTeX Encoding Info:    Redeclaring text symbol \textnaira (encoding TS1) on input line 144.
LaTeX Encoding Info:    Redeclaring text symbol \textguarani (encoding TS1) on input line 145.
LaTeX Encoding Info:    Redeclaring text symbol \textpeso (encoding TS1) on input line 146.
LaTeX Encoding Info:    Redeclaring text symbol \textlira (encoding TS1) on input line 147.
LaTeX Encoding Info:    Redeclaring text symbol \textrecipe (encoding TS1) on input line 148.
LaTeX Encoding Info:    Redeclaring text symbol \textinterrobang (encoding TS1) on input line 149.
LaTeX Encoding Info:    Redeclaring text symbol \textinterrobangdown (encoding TS1) on input line 150.
LaTeX Encoding Info:    Redeclaring text symbol \textdong (encoding TS1) on input line 151.
LaTeX Encoding Info:    Redeclaring text symbol \texttrademark (encoding TS1) on input line 152.
LaTeX Encoding Info:    Redeclaring text symbol \textpertenthousand (encoding TS1) on input line 153.
LaTeX Encoding Info:    Redeclaring text symbol \textpilcrow (encoding TS1) on input line 154.
LaTeX Encoding Info:    Redeclaring text symbol \textbaht (encoding TS1) on input line 155.
LaTeX Encoding Info:    Redeclaring text symbol \textnumero (encoding TS1) on input line 156.
LaTeX Encoding Info:    Redeclaring text symbol \textdiscount (encoding TS1) on input line 157.
LaTeX Encoding Info:    Redeclaring text symbol \textestimated (encoding TS1) on input line 158.
LaTeX Encoding Info:    Redeclaring text symbol \textopenbullet (encoding TS1) on input line 159.
LaTeX Encoding Info:    Redeclaring text symbol \textservicemark (encoding TS1) on input line 160.
LaTeX Encoding Info:    Redeclaring text symbol \textlquill (encoding TS1) on input line 161.
LaTeX Encoding Info:    Redeclaring text symbol \textrquill (encoding TS1) on input line 162.
LaTeX Encoding Info:    Redeclaring text symbol \textcent (encoding TS1) on input line 163.
LaTeX Encoding Info:    Redeclaring text symbol \textsterling (encoding TS1) on input line 164.
LaTeX Encoding Info:    Redeclaring text symbol \textcurrency (encoding TS1) on input line 165.
LaTeX Encoding Info:    Redeclaring text symbol \textyen (encoding TS1) on input line 166.
LaTeX Encoding Info:    Redeclaring text symbol \textbrokenbar (encoding TS1) on input line 167.
LaTeX Encoding Info:    Redeclaring text symbol \textsection (encoding TS1) on input line 168.
LaTeX Encoding Info:    Redeclaring text symbol \textasciidieresis (encoding TS1) on input line 169.
LaTeX Encoding Info:    Redeclaring text symbol \textcopyright (encoding TS1) on input line 170.
LaTeX Encoding Info:    Redeclaring text symbol \textordfeminine (encoding TS1) on input line 171.
LaTeX Encoding Info:    Redeclaring text symbol \textcopyleft (encoding TS1) on input line 172.
LaTeX Encoding Info:    Redeclaring text symbol \textlnot (encoding TS1) on input line 173.
LaTeX Encoding Info:    Redeclaring text symbol \textcircledP (encoding TS1) on input line 174.
LaTeX Encoding Info:    Redeclaring text symbol \textregistered (encoding TS1) on input line 175.
LaTeX Encoding Info:    Redeclaring text symbol \textasciimacron (encoding TS1) on input line 176.
LaTeX Encoding Info:    Redeclaring text symbol \textdegree (encoding TS1) on input line 177.
LaTeX Encoding Info:    Redeclaring text symbol \textpm (encoding TS1) on input line 178.
LaTeX Encoding Info:    Redeclaring text symbol \texttwosuperior (encoding TS1) on input line 179.
LaTeX Encoding Info:    Redeclaring text symbol \textthreesuperior (encoding TS1) on input line 180.
LaTeX Encoding Info:    Redeclaring text symbol \textasciiacute (encoding TS1) on input line 181.
LaTeX Encoding Info:    Redeclaring text symbol \textmu (encoding TS1) on input line 182.
LaTeX Encoding Info:    Redeclaring text symbol \textparagraph (encoding TS1) on input line 183.
LaTeX Encoding Info:    Redeclaring text symbol \textperiodcentered (encoding TS1) on input line 184.
LaTeX Encoding Info:    Redeclaring text symbol \textreferencemark (encoding TS1) on input line 185.
LaTeX Encoding Info:    Redeclaring text symbol \textonesuperior (encoding TS1) on input line 186.
LaTeX Encoding Info:    Redeclaring text symbol \textordmasculine (encoding TS1) on input line 187.
LaTeX Encoding Info:    Redeclaring text symbol \textsurd (encoding TS1) on input line 188.
LaTeX Encoding Info:    Redeclaring text symbol \textonequarter (encoding TS1) on input line 189.
LaTeX Encoding Info:    Redeclaring text symbol \textonehalf (encoding TS1) on input line 190.
LaTeX Encoding Info:    Redeclaring text symbol \textthreequarters (encoding TS1) on input line 191.
LaTeX Encoding Info:    Redeclaring text symbol \texteuro (encoding TS1) on input line 192.
LaTeX Encoding Info:    Redeclaring text symbol \texttimes (encoding TS1) on input line 193.
LaTeX Encoding Info:    Redeclaring text symbol \textdiv (encoding TS1) on input line 194.
))
\l__ctex_tmp_int=\count274
\l__ctex_tmp_box=\box53
\l__ctex_tmp_dim=\dimen148
\g__ctex_section_depth_int=\count275
\g__ctex_font_size_int=\count276
(c:/texlive/2025/texmf-dist/tex/latex/ctex/config/ctexopts.cfg
File: ctexopts.cfg 2022/07/14 v2.5.10 Option configuration file (CTEX)
) (c:/texlive/2025/texmf-dist/tex/latex/base/book.cls
Document Class: book 2025/01/22 v1.4n Standard LaTeX document class
(c:/texlive/2025/texmf-dist/tex/latex/base/bk10.clo
File: bk10.clo 2025/01/22 v1.4n Standard LaTeX file (size option)
)
\c@part=\count277
\c@chapter=\count278
\c@section=\count279
\c@subsection=\count280
\c@subsubsection=\count281
\c@paragraph=\count282
\c@subparagraph=\count283
\c@figure=\count284
\c@table=\count285
\abovecaptionskip=\skip49
\belowcaptionskip=\skip50
\bibindent=\dimen149
) (c:/texlive/2025/texmf-dist/tex/latex/ctex/engine/ctex-engine-xetex.def
File: ctex-engine-xetex.def 2022/07/14 v2.5.10 XeLaTeX adapter (CTEX)
(c:/texlive/2025/texmf-dist/tex/xelatex/xecjk/xeCJK.sty
Package: xeCJK 2022/08/05 v3.9.1 Typesetting CJK scripts with XeLaTeX
(c:/texlive/2025/texmf-dist/tex/latex/l3packages/xtemplate/xtemplate.sty
Package: xtemplate 2024-08-16 L3 Experimental prototype document functions
)
\l__xeCJK_tmp_int=\count286
\l__xeCJK_tmp_box=\box54
\l__xeCJK_tmp_dim=\dimen150
\l__xeCJK_tmp_skip=\skip51
\g__xeCJK_space_factor_int=\count287
\l__xeCJK_begin_int=\count288
\l__xeCJK_end_int=\count289
\c__xeCJK_CJK_class_int=\XeTeXcharclass1
\c__xeCJK_FullLeft_class_int=\XeTeXcharclass2
\c__xeCJK_FullRight_class_int=\XeTeXcharclass3
\c__xeCJK_HalfLeft_class_int=\XeTeXcharclass4
\c__xeCJK_HalfRight_class_int=\XeTeXcharclass5
\c__xeCJK_NormalSpace_class_int=\XeTeXcharclass6
\c__xeCJK_CM_class_int=\XeTeXcharclass7
\c__xeCJK_HangulJamo_class_int=\XeTeXcharclass8
\l__xeCJK_last_skip=\skip52
\c__xeCJK_none_node=\count290
\g__xeCJK_node_int=\count291
\c__xeCJK_CJK_node_dim=\dimen151
\c__xeCJK_CJK-space_node_dim=\dimen152
\c__xeCJK_default_node_dim=\dimen153
\c__xeCJK_CJK-widow_node_dim=\dimen154
\c__xeCJK_normalspace_node_dim=\dimen155
\c__xeCJK_default-space_node_skip=\skip53
\l__xeCJK_ccglue_skip=\skip54
\l__xeCJK_ecglue_skip=\skip55
\l__xeCJK_punct_kern_skip=\skip56
\l__xeCJK_indent_box=\box55
\l__xeCJK_last_penalty_int=\count292
\l__xeCJK_last_bound_dim=\dimen156
\l__xeCJK_last_kern_dim=\dimen157
\l__xeCJK_widow_penalty_int=\count293

LaTeX template Info: Declaring template type 'xeCJK/punctuation' taking 0
(template)           argument(s) on line 2396.

\l__xeCJK_fixed_punct_width_dim=\dimen158
\l__xeCJK_mixed_punct_width_dim=\dimen159
\l__xeCJK_middle_punct_width_dim=\dimen160
\l__xeCJK_fixed_margin_width_dim=\dimen161
\l__xeCJK_mixed_margin_width_dim=\dimen162
\l__xeCJK_middle_margin_width_dim=\dimen163
\l__xeCJK_bound_punct_width_dim=\dimen164
\l__xeCJK_bound_margin_width_dim=\dimen165
\l__xeCJK_margin_minimum_dim=\dimen166
\l__xeCJK_kerning_total_width_dim=\dimen167
\l__xeCJK_same_align_margin_dim=\dimen168
\l__xeCJK_different_align_margin_dim=\dimen169
\l__xeCJK_kerning_margin_width_dim=\dimen170
\l__xeCJK_kerning_margin_minimum_dim=\dimen171
\l__xeCJK_bound_dim=\dimen172
\l__xeCJK_reverse_bound_dim=\dimen173
\l__xeCJK_margin_dim=\dimen174
\l__xeCJK_minimum_bound_dim=\dimen175
\l__xeCJK_kerning_margin_dim=\dimen176
\g__xeCJK_family_int=\count294
\l__xeCJK_fam_int=\count295
\g__xeCJK_fam_allocation_int=\count296
\l__xeCJK_verb_case_int=\count297
\l__xeCJK_verb_exspace_skip=\skip57
(c:/texlive/2025/texmf-dist/tex/latex/fontspec/fontspec.sty (c:/texlive/2025/texmf-dist/tex/latex/l3packages/xparse/xparse.sty
Package: xparse 2024-08-16 L3 Experimental document command parser
)
Package: fontspec 2024/05/11 v2.9e Font selection for XeLaTeX and LuaLaTeX
(c:/texlive/2025/texmf-dist/tex/latex/fontspec/fontspec-xetex.sty
Package: fontspec-xetex 2024/05/11 v2.9e Font selection for XeLaTeX and LuaLaTeX
\l__fontspec_script_int=\count298
\l__fontspec_language_int=\count299
\l__fontspec_strnum_int=\count300
\l__fontspec_tmp_int=\count301
\l__fontspec_tmpa_int=\count302
\l__fontspec_tmpb_int=\count303
\l__fontspec_tmpc_int=\count304
\l__fontspec_em_int=\count305
\l__fontspec_emdef_int=\count306
\l__fontspec_strong_int=\count307
\l__fontspec_strongdef_int=\count308
\l__fontspec_tmpa_dim=\dimen177
\l__fontspec_tmpb_dim=\dimen178
\l__fontspec_tmpc_dim=\dimen179
(c:/texlive/2025/texmf-dist/tex/latex/base/fontenc.sty
Package: fontenc 2024/12/21 v2.1c Standard LaTeX package
) (c:/texlive/2025/texmf-dist/tex/latex/fontspec/fontspec.cfg))) (c:/texlive/2025/texmf-dist/tex/xelatex/xecjk/xeCJK.cfg
File: xeCJK.cfg 2022/08/05 v3.9.1 Configuration file for xeCJK package
))
\ccwd=\dimen180
\l__ctex_ccglue_skip=\skip58
)
\l__ctex_ziju_dim=\dimen181
(c:/texlive/2025/texmf-dist/tex/latex/zhnumber/zhnumber.sty
Package: zhnumber 2022/07/14 v3.0 Typesetting numbers with Chinese glyphs
\l__zhnum_scale_int=\count309
\l__zhnum_tmp_int=\count310
(c:/texlive/2025/texmf-dist/tex/latex/zhnumber/zhnumber-utf8.cfg
File: zhnumber-utf8.cfg 2022/07/14 v3.0 Chinese numerals with UTF8 encoding
))
\l__ctex_heading_skip=\skip59
(c:/texlive/2025/texmf-dist/tex/latex/ctex/scheme/ctex-scheme-chinese-book.def
File: ctex-scheme-chinese-book.def 2022/07/14 v2.5.10 Chinese scheme for book (CTEX)
(c:/texlive/2025/texmf-dist/tex/latex/ctex/config/ctex-name-utf8.cfg
File: ctex-name-utf8.cfg 2022/07/14 v2.5.10 Caption with encoding UTF-8 (CTEX)
)) (c:/texlive/2025/texmf-dist/tex/latex/ctex/ctex-c5size.clo
File: ctex-c5size.clo 2022/07/14 v2.5.10 c5size option (CTEX)
) (c:/texlive/2025/texmf-dist/tex/latex/ctex/fontset/ctex-fontset-windows.def
File: ctex-fontset-windows.def 2022/07/14 v2.5.10 Windows fonts definition (CTEX)

Package fontspec Info: 
(fontspec)             Could not resolve font "KaiTi/B" (it probably doesn't
(fontspec)             exist).


Package fontspec Info: 
(fontspec)             Could not resolve font "SimHei/I" (it probably doesn't
(fontspec)             exist).


Package fontspec Info: 
(fontspec)             Could not resolve font "SimSun/BI" (it probably doesn't
(fontspec)             exist).


Package fontspec Info: 
(fontspec)             Font family 'SimSun(0)' created for font 'SimSun' with
(fontspec)             options
(fontspec)             [Script={CJK},BoldFont={SimHei},ItalicFont={KaiTi}].
(fontspec)              
(fontspec)              This font family consists of the following NFSS
(fontspec)             series/shapes:
(fontspec)              
(fontspec)             - 'normal' (m/n) with NFSS spec.:
(fontspec)             <->"SimSun/OT:script=hani;language=dflt;"
(fontspec)             - 'bold' (b/n) with NFSS spec.:
(fontspec)             <->"SimHei/OT:script=hani;language=dflt;"
(fontspec)             - 'italic' (m/it) with NFSS spec.:
(fontspec)             <->"KaiTi/OT:script=hani;language=dflt;"

)) (c:/texlive/2025/texmf-dist/tex/latex/ctex/config/ctex.cfg
File: ctex.cfg 2022/07/14 v2.5.10 Configuration file (CTEX)
) (c:/texlive/2025/texmf-dist/tex/latex/mathdesign/mathdesign.sty
Package: mathdesign 2013/08/29 v2.31 Math Design Project
(c:/texlive/2025/texmf-dist/tex/latex/graphics/keyval.sty
Package: keyval 2022/05/29 v1.15 key=value parser (DPC)
\KV@toks@=\toks17
) (c:/texlive/2025/texmf-dist/tex/latex/base/ifthen.sty
Package: ifthen 2024/03/16 v1.1e Standard LaTeX ifthen package (DPC)
) (c:/texlive/2025/texmf-dist/tex/latex/mathdesign/mdbch/mdbch.cfg)
LaTeX Encoding Info:    Redeclaring text command \textcircled (encoding OMS) on input line 206.
(c:/texlive/2025/texmf-dist/tex/latex/mathdesign/mdbch/mdbch.sty
Package: mdbch 2013/08/29 v2.31 bitstream bitstream charter + mdbch (Math Design Project)
(c:/texlive/2025/texmf-dist/tex/latex/mathdesign/mdfont.def
File: mdfont.def 2013/08/29 v2.31 (Math Design Project)
) (c:/texlive/2025/texmf-dist/tex/latex/mathdesign/mdsffont.def
File: mdsffont.def 2013/08/29 v2.31 (Math Design Project)

LaTeX Info: Font shape OT1/phv/mc/n has incorrect series value `mc'.
            It should not contain an `m'! Please correct it.
            Found on input line 53.


LaTeX Info: Font shape OT1/phv/mc/sc has incorrect series value `mc'.
            It should not contain an `m'! Please correct it.
            Found on input line 56.


LaTeX Info: Font shape OT1/phv/mc/sl has incorrect series value `mc'.
            It should not contain an `m'! Please correct it.
            Found on input line 59.


LaTeX Info: Font shape OT1/phv/mc/it has incorrect series value `mc'.
            It should not contain an `m'! Please correct it.
            Found on input line 79.


LaTeX Info: Font shape T1/phv/mc/n has incorrect series value `mc'.
            It should not contain an `m'! Please correct it.
            Found on input line 102.


LaTeX Info: Font shape T1/phv/mc/sc has incorrect series value `mc'.
            It should not contain an `m'! Please correct it.
            Found on input line 105.


LaTeX Info: Font shape T1/phv/mc/sl has incorrect series value `mc'.
            It should not contain an `m'! Please correct it.
            Found on input line 108.


LaTeX Info: Font shape T1/phv/mc/it has incorrect series value `mc'.
            It should not contain an `m'! Please correct it.
            Found on input line 128.


LaTeX Info: Font shape OT1/uhv/mc/n has incorrect series value `mc'.
            It should not contain an `m'! Please correct it.
            Found on input line 259.


LaTeX Info: Font shape OT1/uhv/mc/sc has incorrect series value `mc'.
            It should not contain an `m'! Please correct it.
            Found on input line 262.


LaTeX Info: Font shape OT1/uhv/mc/sl has incorrect series value `mc'.
            It should not contain an `m'! Please correct it.
            Found on input line 265.


LaTeX Info: Font shape OT1/uhv/mc/it has incorrect series value `mc'.
            It should not contain an `m'! Please correct it.
            Found on input line 268.


LaTeX Info: Font shape T1/uhv/mc/n has incorrect series value `mc'.
            It should not contain an `m'! Please correct it.
            Found on input line 313.


LaTeX Info: Font shape T1/uhv/mc/sc has incorrect series value `mc'.
            It should not contain an `m'! Please correct it.
            Found on input line 316.


LaTeX Info: Font shape T1/uhv/mc/sl has incorrect series value `mc'.
            It should not contain an `m'! Please correct it.
            Found on input line 319.


LaTeX Info: Font shape T1/uhv/mc/it has incorrect series value `mc'.
            It should not contain an `m'! Please correct it.
            Found on input line 322.

) (c:/texlive/2025/texmf-dist/tex/latex/mathdesign/mdttfont.def
File: mdttfont.def 2013/08/29 v2.31 (Math Design Project)
)
\symmdcal=\mathgroup4
LaTeX Font Info:    Overwriting symbol font `mdcal' in version `bold'
(Font)                  OMS/mdbch/m/n --> OMS/mdbch/b/n on input line 97.
\symmdscr=\mathgroup5
LaTeX Font Info:    Overwriting symbol font `mdscr' in version `bold'
(Font)                  OMS/mdbch/m/n --> OMS/mdbch/b/n on input line 103.
LaTeX Font Info:    Overwriting math alphabet `\mathfrak' in version `bold'
(Font)                  U/xmdeuf/m/n --> U/xmdeuf/b/n on input line 110.
LaTeX Font Info:    Overwriting symbol font `operators' in version `normal'
(Font)                  OT1/cmr/m/n --> OT1/mdbch/m/n on input line 121.
LaTeX Font Info:    Overwriting symbol font `letters' in version `normal'
(Font)                  OML/cmm/m/it --> OML/mdbch/m/it on input line 122.
LaTeX Font Info:    Overwriting symbol font `symbols' in version `normal'
(Font)                  OMS/cmsy/m/n --> OMS/mdbch/m/n on input line 123.
LaTeX Font Info:    Overwriting symbol font `largesymbols' in version `normal'
(Font)                  OMX/cmex/m/n --> OMX/mdbch/m/n on input line 124.
LaTeX Font Info:    Overwriting symbol font `operators' in version `bold'
(Font)                  OT1/cmr/bx/n --> OT1/mdbch/b/n on input line 126.
LaTeX Font Info:    Overwriting symbol font `letters' in version `bold'
(Font)                  OML/cmm/b/it --> OML/mdbch/b/it on input line 127.
LaTeX Font Info:    Overwriting symbol font `symbols' in version `bold'
(Font)                  OMS/cmsy/b/n --> OMS/mdbch/b/n on input line 128.
LaTeX Font Info:    Overwriting symbol font `largesymbols' in version `bold'
(Font)                  OMX/cmex/m/n --> OMX/mdbch/b/n on input line 129.
LaTeX Font Info:    Overwriting math alphabet `\mathrm' in version `normal'
(Font)                  OT1/mdbch/m/n --> TU/mdbch/m/n on input line 131.
LaTeX Font Info:    Overwriting math alphabet `\mathbf' in version `normal'
(Font)                  OT1/cmr/bx/n --> TU/mdbch/b/n on input line 132.
LaTeX Font Info:    Overwriting math alphabet `\mathit' in version `normal'
(Font)                  OT1/cmr/m/it --> TU/mdbch/m/it on input line 133.
LaTeX Font Info:    Overwriting math alphabet `\mathsf' in version `normal'
(Font)                  OT1/cmss/m/n --> TU/lmss/m/n on input line 134.
LaTeX Font Info:    Overwriting math alphabet `\mathtt' in version `normal'
(Font)                  OT1/cmtt/m/n --> TU/lmtt/m/n on input line 135.
LaTeX Font Info:    Overwriting math alphabet `\mathrm' in version `bold'
(Font)                  OT1/mdbch/b/n --> TU/mdbch/b/n on input line 137.
LaTeX Font Info:    Overwriting math alphabet `\mathbf' in version `bold'
(Font)                  OT1/cmr/bx/n --> TU/mdbch/b/n on input line 138.
LaTeX Font Info:    Overwriting math alphabet `\mathit' in version `bold'
(Font)                  OT1/cmr/bx/it --> TU/mdbch/b/it on input line 139.
LaTeX Font Info:    Overwriting math alphabet `\mathsf' in version `bold'
(Font)                  OT1/cmss/bx/n --> TU/lmss/b/n on input line 140.
LaTeX Font Info:    Overwriting math alphabet `\mathtt' in version `bold'
(Font)                  OT1/cmtt/m/n --> TU/lmtt/b/n on input line 141.
\symlettersupright=\mathgroup6
LaTeX Font Info:    Overwriting symbol font `lettersupright' in version `bold'
(Font)                  OML/mdbch/m/n --> OML/mdbch/b/n on input line 144.
LaTeX Font Info:    Redeclaring math alphabet \mathrm on input line 145.
LaTeX Font Info:    Overwriting math alphabet `\mathcal' in version `normal'
(Font)                  OMS/mdbch/m/n --> OMS/mdbch/m/n on input line 167.
(c:/texlive/2025/texmf-dist/tex/latex/xkeyval/xkeyval.sty
Package: xkeyval 2022/06/16 v2.9 package option processing (HA)
(c:/texlive/2025/texmf-dist/tex/generic/xkeyval/xkeyval.tex (c:/texlive/2025/texmf-dist/tex/generic/xkeyval/xkvutils.tex
\XKV@toks=\toks18
\XKV@tempa@toks=\toks19
)
\XKV@depth=\count311
File: xkeyval.tex 2014/12/03 v2.7a key=value parser (HA)
))
LaTeX Font Info:    Trying to load font information for TU+mdbch on input line 186.
LaTeX Font Info:    No file TUmdbch.fd. on input line 186.

LaTeX Font Warning: Font shape `TU/mdbch/m/n' undefined
(Font)              using `TU/lmr/m/n' instead on input line 186.

LaTeX Font Info:    Redeclaring math accent \widetilde on input line 449.
LaTeX Font Info:    Redeclaring math accent \widehat on input line 450.
\symmathdesignA=\mathgroup7
LaTeX Font Info:    Overwriting symbol font `mathdesignA' in version `bold'
(Font)                  MDA/mdbch/m/n --> MDA/mdbch/b/n on input line 491.
\symmathdesignB=\mathgroup8
LaTeX Font Info:    Overwriting symbol font `mathdesignB' in version `bold'
(Font)                  MDB/mdbch/m/n --> MDB/mdbch/b/n on input line 498.
\@emptytoks=\toks20
LaTeX Font Info:    Redeclaring math accent \widetilde on input line 532.
LaTeX Font Info:    Redeclaring math accent \widehat on input line 533.
\rulethickness=\skip60
) (c:/texlive/2025/texmf-dist/tex/latex/base/fontenc.sty
Package: fontenc 2024/12/21 v2.1c Standard LaTeX package
LaTeX Font Info:    Trying to load font information for T1+mdbch on input line 116.
(c:/texlive/2025/texmf-dist/tex/latex/mathdesign/mdbch/t1mdbch.fd
File: t1mdbch.fd 2013/08/29 Fontinst v1.933 font definitions for T1/mdbch.
)
LaTeX Font Info:    Font shape `T1/mdbch/m/n' will be
(Font)              scaled to size 10.11786pt on input line 116.
))

Package xeCJK Warning: Redefining CJKfamily `\CJKrmdefault' (SimSun(0)).


Package fontspec Info: 
(fontspec)             Could not resolve font "方正聚珍新仿简体/BI" (it probably
(fontspec)             doesn't exist).


Package fontspec Info: 
(fontspec)             Could not resolve font "方正聚珍新仿简体/B" (it probably
(fontspec)             doesn't exist).


Package fontspec Info: 
(fontspec)             Could not resolve font "方正聚珍新仿简体/I" (it probably
(fontspec)             doesn't exist).


Package fontspec Info: 
(fontspec)             Font family '方正聚珍新仿简体(0)' created for font '方正聚珍新仿简体'
(fontspec)             with options [Script={CJK}].
(fontspec)              
(fontspec)              This font family consists of the following NFSS
(fontspec)             series/shapes:
(fontspec)              
(fontspec)             - 'normal' (m/n) with NFSS spec.:
(fontspec)             <->"方正聚珍新仿简体/OT:script=hani;language=dflt;"

(c:/texlive/2025/texmf-dist/tex/latex/geometry/geometry.sty
Package: geometry 2020/01/02 v5.9 Page Geometry
(c:/texlive/2025/texmf-dist/tex/generic/iftex/ifvtex.sty
Package: ifvtex 2019/10/25 v1.7 ifvtex legacy package. Use iftex instead.
(c:/texlive/2025/texmf-dist/tex/generic/iftex/iftex.sty
Package: iftex 2024/12/12 v1.0g TeX engine tests
))
\Gm@cnth=\count312
\Gm@cntv=\count313
\c@Gm@tempcnt=\count314
\Gm@bindingoffset=\dimen182
\Gm@wd@mp=\dimen183
\Gm@odd@mp=\dimen184
\Gm@even@mp=\dimen185
\Gm@layoutwidth=\dimen186
\Gm@layoutheight=\dimen187
\Gm@layouthoffset=\dimen188
\Gm@layoutvoffset=\dimen189
\Gm@dimlist=\toks21
) (c:/texlive/2025/texmf-dist/tex/latex/fancyhdr/fancyhdr.sty
Package: fancyhdr 2025/02/07 v5.2 Extensive control of page headers and footers
\f@nch@headwidth=\skip61
\f@nch@offset@elh=\skip62
\f@nch@offset@erh=\skip63
\f@nch@offset@olh=\skip64
\f@nch@offset@orh=\skip65
\f@nch@offset@elf=\skip66
\f@nch@offset@erf=\skip67
\f@nch@offset@olf=\skip68
\f@nch@offset@orf=\skip69
\f@nch@height=\skip70
\f@nch@footalignment=\skip71
\f@nch@widthL=\skip72
\f@nch@widthC=\skip73
\f@nch@widthR=\skip74
\@temptokenb=\toks22
) (c:/texlive/2025/texmf-dist/tex/latex/graphics/graphicx.sty
Package: graphicx 2024/12/31 v1.2e Enhanced LaTeX Graphics (DPC,SPQR)
(c:/texlive/2025/texmf-dist/tex/latex/graphics/graphics.sty
Package: graphics 2024/08/06 v1.4g Standard LaTeX Graphics (DPC,SPQR)
(c:/texlive/2025/texmf-dist/tex/latex/graphics/trig.sty
Package: trig 2023/12/02 v1.11 sin cos tan (DPC)
) (c:/texlive/2025/texmf-dist/tex/latex/graphics-cfg/graphics.cfg
File: graphics.cfg 2016/06/04 v1.11 sample graphics configuration
)
Package graphics Info: Driver file: xetex.def on input line 106.
(c:/texlive/2025/texmf-dist/tex/latex/graphics-def/xetex.def
File: xetex.def 2022/09/22 v5.0n Graphics/color driver for xetex
))
\Gin@req@height=\dimen190
\Gin@req@width=\dimen191
) (c:/texlive/2025/texmf-dist/tex/latex/tools/verbatim.sty
Package: verbatim 2024-01-22 v1.5x LaTeX2e package for verbatim enhancements
\every@verbatim=\toks23
\verbatim@line=\toks24
\verbatim@in@stream=\read2
) (c:/texlive/2025/texmf-dist/tex/latex/verse/verse.sty
Package: verse 2014/05/10 v2.4b verse typesetting
\c@vslineno=\count315
\c@poemline=\count316
\c@fvsline=\count317
\c@modulo@vs=\count318
\c@verse@envctr=\count319
\versewidth=\skip75
\vgap=\skip76
\vindent=\skip77
\stanzaskip=\skip78
\vleftskip=\skip79
\vrightskip=\skip80
\c@chrsinstr=\count320
\beforepoemtitleskip=\skip81
\afterpoemtitleskip=\skip82
) (c:/texlive/2025/texmf-dist/tex/latex/hyperref/hyperref.sty
Package: hyperref 2025-07-12 v7.01o Hypertext links for LaTeX
(c:/texlive/2025/texmf-dist/tex/latex/kvsetkeys/kvsetkeys.sty
Package: kvsetkeys 2022-10-05 v1.19 Key value parser (HO)
) (c:/texlive/2025/texmf-dist/tex/generic/kvdefinekeys/kvdefinekeys.sty
Package: kvdefinekeys 2019-12-19 v1.6 Define keys (HO)
) (c:/texlive/2025/texmf-dist/tex/generic/pdfescape/pdfescape.sty
Package: pdfescape 2019/12/09 v1.15 Implements pdfTeX's escape features (HO)
(c:/texlive/2025/texmf-dist/tex/generic/ltxcmds/ltxcmds.sty
Package: ltxcmds 2023-12-04 v1.26 LaTeX kernel commands for general use (HO)
) (c:/texlive/2025/texmf-dist/tex/generic/pdftexcmds/pdftexcmds.sty
Package: pdftexcmds 2020-06-27 v0.33 Utility functions of pdfTeX for LuaTeX (HO)
(c:/texlive/2025/texmf-dist/tex/generic/infwarerr/infwarerr.sty
Package: infwarerr 2019/12/03 v1.5 Providing info/warning/error messages (HO)
)
Package pdftexcmds Info: \pdf@primitive is available.
Package pdftexcmds Info: \pdf@ifprimitive is available.
Package pdftexcmds Info: \pdfdraftmode not found.
)) (c:/texlive/2025/texmf-dist/tex/latex/hycolor/hycolor.sty
Package: hycolor 2020-01-27 v1.10 Color options for hyperref/bookmark (HO)
) (c:/texlive/2025/texmf-dist/tex/latex/hyperref/nameref.sty
Package: nameref 2025-06-21 v2.57 Cross-referencing by name of section
(c:/texlive/2025/texmf-dist/tex/latex/refcount/refcount.sty
Package: refcount 2019/12/15 v3.6 Data extraction from label references (HO)
) (c:/texlive/2025/texmf-dist/tex/generic/gettitlestring/gettitlestring.sty
Package: gettitlestring 2019/12/15 v1.6 Cleanup title references (HO)
(c:/texlive/2025/texmf-dist/tex/latex/kvoptions/kvoptions.sty
Package: kvoptions 2022-06-15 v3.15 Key value format for package options (HO)
))
\c@section@level=\count321
) (c:/texlive/2025/texmf-dist/tex/latex/etoolbox/etoolbox.sty
Package: etoolbox 2025/02/11 v2.5l e-TeX tools for LaTeX (JAW)
\etb@tempcnta=\count322
) (c:/texlive/2025/texmf-dist/tex/generic/stringenc/stringenc.sty
Package: stringenc 2019/11/29 v1.12 Convert strings between diff. encodings (HO)
)
\@linkdim=\dimen192
\Hy@linkcounter=\count323
\Hy@pagecounter=\count324
(c:/texlive/2025/texmf-dist/tex/latex/hyperref/pd1enc.def
File: pd1enc.def 2025-07-12 v7.01o Hyperref: PDFDocEncoding definition (HO)
) (c:/texlive/2025/texmf-dist/tex/generic/intcalc/intcalc.sty
Package: intcalc 2019/12/15 v1.3 Expandable calculations with integers (HO)
)
\Hy@SavedSpaceFactor=\count325
(c:/texlive/2025/texmf-dist/tex/latex/hyperref/puenc.def
File: puenc.def 2025-07-12 v7.01o Hyperref: PDF Unicode definition (HO)
)
Package hyperref Info: Option `unicode' set `true' on input line 4066.
Package hyperref Info: Option `colorlinks' set `true' on input line 4066.
Package hyperref Info: Hyper figures OFF on input line 4195.
Package hyperref Info: Link nesting OFF on input line 4200.
Package hyperref Info: Hyper index ON on input line 4203.
Package hyperref Info: Plain pages OFF on input line 4210.
Package hyperref Info: Backreferencing OFF on input line 4215.
Package hyperref Info: Implicit mode ON; LaTeX internals redefined.
Package hyperref Info: Bookmarks ON on input line 4462.
\c@Hy@tempcnt=\count326
(c:/texlive/2025/texmf-dist/tex/latex/url/url.sty
\Urlmuskip=\muskip17
Package: url 2013/09/16  ver 3.4  Verb mode for urls, etc.
)
LaTeX Info: Redefining \url on input line 4801.
\XeTeXLinkMargin=\dimen193
(c:/texlive/2025/texmf-dist/tex/generic/bitset/bitset.sty
Package: bitset 2019/12/09 v1.3 Handle bit-vector datatype (HO)
(c:/texlive/2025/texmf-dist/tex/generic/bigintcalc/bigintcalc.sty
Package: bigintcalc 2019/12/15 v1.5 Expandable calculations on big integers (HO)
))
\Fld@menulength=\count327
\Field@Width=\dimen194
\Fld@charsize=\dimen195
Package hyperref Info: Hyper figures OFF on input line 6078.
Package hyperref Info: Link nesting OFF on input line 6083.
Package hyperref Info: Hyper index ON on input line 6086.
Package hyperref Info: backreferencing OFF on input line 6093.
Package hyperref Info: Link coloring ON on input line 6096.
Package hyperref Info: Link coloring with OCG OFF on input line 6103.
Package hyperref Info: PDF/A mode OFF on input line 6108.
\Hy@abspage=\count328
\c@Item=\count329
\c@Hfootnote=\count330
)
Package hyperref Info: Driver (autodetected): hxetex.
(c:/texlive/2025/texmf-dist/tex/latex/hyperref/hxetex.def
File: hxetex.def 2025-07-12 v7.01o Hyperref driver for XeTeX
\pdfm@box=\box56
\c@Hy@AnnotLevel=\count331
\HyField@AnnotCount=\count332
\Fld@listcount=\count333
\c@bookmark@seq@number=\count334
(c:/texlive/2025/texmf-dist/tex/latex/rerunfilecheck/rerunfilecheck.sty
Package: rerunfilecheck 2025-06-21 v1.11 Rerun checks for auxiliary files (HO)
(c:/texlive/2025/texmf-dist/tex/generic/uniquecounter/uniquecounter.sty
Package: uniquecounter 2019/12/15 v1.4 Provide unlimited unique counter (HO)
)
Package uniquecounter Info: New unique counter `rerunfilecheck' on input line 284.
)
\Hy@SectionHShift=\skip83
) (c:/texlive/2025/texmf-dist/tex/latex/siunits/SIunits.sty
Package: SIunits 2007/12/02 v1.36 Support for the International System of units (MH)

\@qskwidth=\skip84
LaTeX Font Info:    Redeclaring font encoding TS1 on input line 46.
\symgreek=\mathgroup9
(c:/texlive/2025/texmf-dist/tex/latex/amsmath/amstext.sty
Package: amstext 2024/11/17 v2.01 AMS text
(c:/texlive/2025/texmf-dist/tex/latex/amsmath/amsgen.sty
File: amsgen.sty 1999/11/30 v2.0 generic functions
\@emptytoks=\toks25
\ex@=\dimen196
)) (c:/texlive/2025/texmf-dist/tex/latex/siunits/SIunits.cfg)
Option `squaren' provided!
) (c:/texlive/2025/texmf-dist/tex/latex/caption/caption.sty
Package: caption 2023/08/05 v3.6o Customizing captions (AR)
(c:/texlive/2025/texmf-dist/tex/latex/caption/caption3.sty
Package: caption3 2023/07/31 v2.4d caption3 kernel (AR)
\caption@tempdima=\dimen197
\captionmargin=\dimen198
\caption@leftmargin=\dimen199
\caption@rightmargin=\dimen256
\caption@width=\dimen257
\caption@indent=\dimen258
\caption@parindent=\dimen259
\caption@hangindent=\dimen260
Package caption Info: Standard document class detected.
)
\c@caption@flags=\count335
\c@continuedfloat=\count336
Package caption Info: hyperref package is loaded.
) (c:/texlive/2025/texmf-dist/tex/xelatex/xecjk/xeCJKfntef.sty
Package: xeCJKfntef 2022/08/05 v3.9.1 xeCJK font effect
(c:/texlive/2025/texmf-dist/tex/generic/ulem/ulem.sty
\UL@box=\box57
\UL@hyphenbox=\box58
\UL@skip=\skip85
\UL@hook=\toks26
\UL@height=\dimen261
\UL@pe=\count337
\UL@pixel=\dimen262
\ULC@box=\box59
Package: ulem 2019/11/18
\ULdepth=\dimen263
)
\l__xeCJK_space_skip=\skip86
\c__xeCJK_ulem-begin_node_dim=\dimen264
\l__xeCJK_hidden_box=\box60
\l__xeCJK_fntef_box=\box61
\l__xeCJK_under_symbol_box=\box62
\c__xeCJK_filll_skip=\skip87
) (c:/texlive/2025/texmf-dist/tex/latex/wrapfig/wrapfig.sty
\wrapoverhang=\dimen265
\WF@size=\dimen266
\c@WF@wrappedlines=\count338
\WF@box=\box63
\WF@everypar=\toks27
Package: wrapfig 2003/01/31  v 3.6
) (c:/texlive/2025/texmf-dist/tex/latex/float/float.sty
Package: float 2001/11/08 v1.3d Float enhancements (AL)
\c@float@type=\count339
\float@exts=\toks28
\float@box=\box64
\@float@everytoks=\toks29
\@floatcapt=\box65
) (c:/texlive/2025/texmf-dist/tex/latex/tools/array.sty
Package: array 2025/06/08 v2.6j Tabular extension package (FMi)
\col@sep=\dimen267
\ar@mcellbox=\box66
\extrarowheight=\dimen268
\NC@list=\toks30
\extratabsurround=\skip88
\backup@length=\skip89
\ar@cellbox=\box67
) (c:/texlive/2025/texmf-dist/tex/latex/xcolor/xcolor.sty
Package: xcolor 2024/09/29 v3.02 LaTeX color extensions (UK)
(c:/texlive/2025/texmf-dist/tex/latex/graphics-cfg/color.cfg
File: color.cfg 2016/01/02 v1.6 sample color configuration
)
Package xcolor Info: Driver file: xetex.def on input line 274.
(c:/texlive/2025/texmf-dist/tex/latex/graphics/mathcolor.ltx)
Package xcolor Info: Model `cmy' substituted by `cmy0' on input line 1349.
Package xcolor Info: Model `RGB' extended on input line 1365.
Package xcolor Info: Model `HTML' substituted by `rgb' on input line 1367.
Package xcolor Info: Model `Hsb' substituted by `hsb' on input line 1368.
Package xcolor Info: Model `tHsb' substituted by `hsb' on input line 1369.
Package xcolor Info: Model `HSB' substituted by `hsb' on input line 1370.
Package xcolor Info: Model `Gray' substituted by `gray' on input line 1371.
Package xcolor Info: Model `wave' substituted by `hsb' on input line 1372.
) (c:/texlive/2025/texmf-dist/tex/latex/mdframed/mdframed.sty
Package: mdframed 2013/07/01 1.9b: mdframed
(c:/texlive/2025/texmf-dist/tex/latex/zref/zref-abspage.sty
Package: zref-abspage 2025-06-08 v2.36 Module abspage for zref (HO)
(c:/texlive/2025/texmf-dist/tex/latex/zref/zref-base.sty
Package: zref-base 2025-06-08 v2.36 Module base for zref (HO)
(c:/texlive/2025/texmf-dist/tex/generic/etexcmds/etexcmds.sty
Package: etexcmds 2019/12/15 v1.7 Avoid name clashes with e-TeX commands (HO)
) (c:/texlive/2025/texmf-dist/tex/latex/auxhook/auxhook.sty
Package: auxhook 2019-12-17 v1.6 Hooks for auxiliary files (HO)
)
Package zref Info: New property list: main on input line 767.
Package zref Info: New property: default on input line 768.
Package zref Info: New property: page on input line 769.
)
\c@abspage=\count340
Package zref Info: New property: abspage on input line 67.
) (c:/texlive/2025/texmf-dist/tex/latex/needspace/needspace.sty
Package: needspace 2025/03/13 v1.3e reserve vertical space
)
\mdf@templength=\skip90
\c@mdf@globalstyle@cnt=\count341
\mdf@skipabove@length=\skip91
\mdf@skipbelow@length=\skip92
\mdf@leftmargin@length=\skip93
\mdf@rightmargin@length=\skip94
\mdf@innerleftmargin@length=\skip95
\mdf@innerrightmargin@length=\skip96
\mdf@innertopmargin@length=\skip97
\mdf@innerbottommargin@length=\skip98
\mdf@splittopskip@length=\skip99
\mdf@splitbottomskip@length=\skip100
\mdf@outermargin@length=\skip101
\mdf@innermargin@length=\skip102
\mdf@linewidth@length=\skip103
\mdf@innerlinewidth@length=\skip104
\mdf@middlelinewidth@length=\skip105
\mdf@outerlinewidth@length=\skip106
\mdf@roundcorner@length=\skip107
\mdf@footenotedistance@length=\skip108
\mdf@userdefinedwidth@length=\skip109
\mdf@needspace@length=\skip110
\mdf@frametitleaboveskip@length=\skip111
\mdf@frametitlebelowskip@length=\skip112
\mdf@frametitlerulewidth@length=\skip113
\mdf@frametitleleftmargin@length=\skip114
\mdf@frametitlerightmargin@length=\skip115
\mdf@shadowsize@length=\skip116
\mdf@extratopheight@length=\skip117
\mdf@subtitleabovelinewidth@length=\skip118
\mdf@subtitlebelowlinewidth@length=\skip119
\mdf@subtitleaboveskip@length=\skip120
\mdf@subtitlebelowskip@length=\skip121
\mdf@subtitleinneraboveskip@length=\skip122
\mdf@subtitleinnerbelowskip@length=\skip123
\mdf@subsubtitleabovelinewidth@length=\skip124
\mdf@subsubtitlebelowlinewidth@length=\skip125
\mdf@subsubtitleaboveskip@length=\skip126
\mdf@subsubtitlebelowskip@length=\skip127
\mdf@subsubtitleinneraboveskip@length=\skip128
\mdf@subsubtitleinnerbelowskip@length=\skip129
(c:/texlive/2025/texmf-dist/tex/latex/mdframed/md-frame-0.mdf
File: md-frame-0.mdf 2013/07/01\ 1.9b: md-frame-0
)
\mdf@frametitlebox=\box68
\mdf@footnotebox=\box69
\mdf@splitbox@one=\box70
\mdf@splitbox@two=\box71
\mdf@splitbox@save=\box72
\mdfsplitboxwidth=\skip130
\mdfsplitboxtotalwidth=\skip131
\mdfsplitboxheight=\skip132
\mdfsplitboxdepth=\skip133
\mdfsplitboxtotalheight=\skip134
\mdfframetitleboxwidth=\skip135
\mdfframetitleboxtotalwidth=\skip136
\mdfframetitleboxheight=\skip137
\mdfframetitleboxdepth=\skip138
\mdfframetitleboxtotalheight=\skip139
\mdffootnoteboxwidth=\skip140
\mdffootnoteboxtotalwidth=\skip141
\mdffootnoteboxheight=\skip142
\mdffootnoteboxdepth=\skip143
\mdffootnoteboxtotalheight=\skip144
\mdftotallinewidth=\skip145
\mdfboundingboxwidth=\skip146
\mdfboundingboxtotalwidth=\skip147
\mdfboundingboxheight=\skip148
\mdfboundingboxdepth=\skip149
\mdfboundingboxtotalheight=\skip150
\mdf@freevspace@length=\skip151
\mdf@horizontalwidthofbox@length=\skip152
\mdf@verticalmarginwhole@length=\skip153
\mdf@horizontalspaceofbox=\skip154
\mdfsubtitleheight=\skip155
\mdfsubsubtitleheight=\skip156
\c@mdfcountframes=\count342

****** mdframed patching \endmdf@trivlist

****** -- success******

\mdf@envdepth=\count343
\c@mdf@env@i=\count344
\c@mdf@env@ii=\count345
\c@mdf@zref@counter=\count346
Package zref Info: New property: mdf@pagevalue on input line 895.
) (c:/texlive/2025/texmf-dist/tex/latex/lm/lmodern.sty
Package: lmodern 2015/05/01 v1.6.1 Latin Modern Fonts
LaTeX Font Info:    Overwriting symbol font `operators' in version `normal'
(Font)                  OT1/mdbch/m/n --> OT1/lmr/m/n on input line 22.
LaTeX Font Info:    Overwriting symbol font `letters' in version `normal'
(Font)                  OML/mdbch/m/it --> OML/lmm/m/it on input line 23.
LaTeX Font Info:    Overwriting symbol font `symbols' in version `normal'
(Font)                  OMS/mdbch/m/n --> OMS/lmsy/m/n on input line 24.
LaTeX Font Info:    Overwriting symbol font `largesymbols' in version `normal'
(Font)                  OMX/mdbch/m/n --> OMX/lmex/m/n on input line 25.
LaTeX Font Info:    Overwriting symbol font `operators' in version `bold'
(Font)                  OT1/mdbch/b/n --> OT1/lmr/bx/n on input line 26.
LaTeX Font Info:    Overwriting symbol font `letters' in version `bold'
(Font)                  OML/mdbch/b/it --> OML/lmm/b/it on input line 27.
LaTeX Font Info:    Overwriting symbol font `symbols' in version `bold'
(Font)                  OMS/mdbch/b/n --> OMS/lmsy/b/n on input line 28.
LaTeX Font Info:    Overwriting symbol font `largesymbols' in version `bold'
(Font)                  OMX/mdbch/b/n --> OMX/lmex/m/n on input line 29.
LaTeX Font Info:    Overwriting math alphabet `\mathbf' in version `normal'
(Font)                  TU/mdbch/b/n --> OT1/lmr/bx/n on input line 31.
LaTeX Font Info:    Overwriting math alphabet `\mathsf' in version `normal'
(Font)                  TU/lmss/m/n --> OT1/lmss/m/n on input line 32.
LaTeX Font Info:    Overwriting math alphabet `\mathit' in version `normal'
(Font)                  TU/mdbch/m/it --> OT1/lmr/m/it on input line 33.
LaTeX Font Info:    Overwriting math alphabet `\mathtt' in version `normal'
(Font)                  TU/lmtt/m/n --> OT1/lmtt/m/n on input line 34.
LaTeX Font Info:    Overwriting math alphabet `\mathbf' in version `bold'
(Font)                  TU/mdbch/b/n --> OT1/lmr/bx/n on input line 35.
LaTeX Font Info:    Overwriting math alphabet `\mathsf' in version `bold'
(Font)                  TU/lmss/b/n --> OT1/lmss/bx/n on input line 36.
LaTeX Font Info:    Overwriting math alphabet `\mathit' in version `bold'
(Font)                  TU/mdbch/b/it --> OT1/lmr/bx/it on input line 37.
LaTeX Font Info:    Overwriting math alphabet `\mathtt' in version `bold'
(Font)                  TU/lmtt/b/n --> OT1/lmtt/m/n on input line 38.
) (c:/texlive/2025/texmf-dist/tex/latex/was/upgreek.sty
Package: upgreek 2003/02/12 v2.0 (WaS)
Package upgreek Info: Using Euler Roman for upright Greek on input line 31.
\symugrf@m=\mathgroup10
LaTeX Font Info:    Overwriting symbol font `ugrf@m' in version `bold'
(Font)                  U/eur/m/n --> U/eur/b/n on input line 38.
LaTeX Font Info:    Redeclaring math symbol \upmu on input line 51.
) (c:/texlive/2025/texmf-dist/tex/latex/amsmath/amsbsy.sty
Package: amsbsy 1999/11/29 v1.2d Bold Symbols
\pmbraise@=\dimen269
) (c:/texlive/2025/texmf-dist/tex/latex/amsmath/amsmath.sty
Package: amsmath 2025/06/16 v2.17y AMS math features
\@mathmargin=\skip157
For additional information on amsmath, use the `?' option.
(c:/texlive/2025/texmf-dist/tex/latex/amsmath/amsopn.sty
Package: amsopn 2022/04/08 v2.04 operator names
)
\inf@bad=\count347
LaTeX Info: Redefining \frac on input line 233.
\uproot@=\count348
\leftroot@=\count349
LaTeX Info: Redefining \overline on input line 398.
LaTeX Info: Redefining \colon on input line 409.
\classnum@=\count350
\DOTSCASE@=\count351
LaTeX Info: Redefining \ldots on input line 495.
LaTeX Info: Redefining \dots on input line 498.
LaTeX Info: Redefining \cdots on input line 619.
\Mathstrutbox@=\box73
\strutbox@=\box74
LaTeX Info: Redefining \big on input line 721.
LaTeX Info: Redefining \Big on input line 722.
LaTeX Info: Redefining \bigg on input line 723.
LaTeX Info: Redefining \Bigg on input line 724.
\big@size=\dimen270
LaTeX Font Info:    Redeclaring font encoding OML on input line 742.
LaTeX Font Info:    Redeclaring font encoding OMS on input line 743.
\macc@depth=\count352
LaTeX Info: Redefining \bmod on input line 904.
LaTeX Info: Redefining \pmod on input line 909.
LaTeX Info: Redefining \smash on input line 939.
LaTeX Info: Redefining \relbar on input line 969.
LaTeX Info: Redefining \Relbar on input line 970.
\c@MaxMatrixCols=\count353
\dotsspace@=\muskip18
\c@parentequation=\count354
\dspbrk@lvl=\count355
\tag@help=\toks31
\row@=\count356
\column@=\count357
\maxfields@=\count358
\andhelp@=\toks32
\eqnshift@=\dimen271
\alignsep@=\dimen272
\tagshift@=\dimen273
\tagwidth@=\dimen274
\totwidth@=\dimen275
\lineht@=\dimen276
\@envbody=\toks33
\multlinegap=\skip158
\multlinetaggap=\skip159
\mathdisplay@stack=\toks34
LaTeX Info: Redefining \[ on input line 2949.
LaTeX Info: Redefining \] on input line 2950.
) (c:/texlive/2025/texmf-dist/tex/latex/amsfonts/eucal.sty
Package: eucal 2009/06/22 v3.00 Euler Script fonts
LaTeX Font Info:    Overwriting math alphabet `\EuScript' in version `bold'
(Font)                  U/eus/m/n --> U/eus/b/n on input line 33.
) (c:/texlive/2025/texmf-dist/tex/latex/tools/enumerate.sty
Package: enumerate 2023/07/04 v3.00 enumerate extensions (DPC)
\@enLab=\toks35
) (c:/texlive/2025/texmf-dist/tex/latex/base/fontenc.sty
Package: fontenc 2024/12/21 v2.1c Standard LaTeX package
LaTeX Font Info:    Trying to load font information for T1+lmr on input line 116.
(c:/texlive/2025/texmf-dist/tex/latex/lm/t1lmr.fd
File: t1lmr.fd 2015/05/01 v1.6.1 Font defs for Latin Modern
)) (c:/texlive/2025/texmf-dist/tex/latex/base/inputenc.sty
Package: inputenc 2024/02/08 v1.3d Input encoding file
\inpenc@prehook=\toks36
\inpenc@posthook=\toks37

Package inputenc Warning: inputenc package ignored with utf8 based engines.

) (c:/texlive/2025/texmf-dist/tex/latex/base/textcomp.sty
Package: textcomp 2024/04/24 v2.1b Standard LaTeX package
) (c:/texlive/2025/texmf-dist/tex/latex/booktabs/booktabs.sty
Package: booktabs 2020/01/12 v1.61803398 Publication quality tables
\heavyrulewidth=\dimen277
\lightrulewidth=\dimen278
\cmidrulewidth=\dimen279
\belowrulesep=\dimen280
\belowbottomsep=\dimen281
\aboverulesep=\dimen282
\abovetopsep=\dimen283
\cmidrulesep=\dimen284
\cmidrulekern=\dimen285
\defaultaddspace=\dimen286
\@cmidla=\count359
\@cmidlb=\count360
\@aboverulesep=\dimen287
\@belowrulesep=\dimen288
\@thisruleclass=\count361
\@lastruleclass=\count362
\@thisrulewidth=\dimen289
) (c:/texlive/2025/texmf-dist/tex/latex/multirow/multirow.sty
Package: multirow 2024/11/12 v2.9 Span multiple rows of a table
\multirow@colwidth=\skip160
\multirow@cntb=\count363
\multirow@dima=\skip161
\bigstrutjot=\dimen290
) (./physical-olympics-2.aux (./chapter/preamble.aux) (./chapter/kinematics.aux) (./chapter/dynamics.aux) (./chapter/statics.aux) (./chapter/harmonics.aux) (./chapter/gravity.aux) (./chapter/rigidbody.aux) (./chapter/elasticity.aux

LaTeX Warning: Label `6-7-4' multiply defined.

) (./chapter/fluid.aux) (./chapter/relativity.aux) (./chapter/thermoI.aux) (./chapter/thermoII.aux) (./chapter/maxwell.aux) (./chapter/liquidsolid.aux) (./chapter/phasechange.aux) (./chapter/electrostatics.aux) (./chapter/conductordielectric.aux) (./chapter/steadycurrent.aux) (./chapter/magnetostatics.aux) (./chapter/induction.aux) (./chapter/maxwelle.aux) (./chapter/accurrent.aux) (./chapter/goptics.aux) (./chapter/opticals.aux) (./chapter/opticalp.aux) (./chapter/interference.aux) (./chapter/diffraction.aux) (./chapter/relativity.aux) (./chapter/photon.aux) (./chapter/quantum.aux))
\openout1 = `physical-olympics-2.aux'.

LaTeX Font Info:    Checking defaults for OML/cmm/m/it on input line 97.
LaTeX Font Info:    ... okay on input line 97.
LaTeX Font Info:    Checking defaults for OMS/cmsy/m/n on input line 97.
LaTeX Font Info:    ... okay on input line 97.
LaTeX Font Info:    Checking defaults for OT1/cmr/m/n on input line 97.
LaTeX Font Info:    ... okay on input line 97.
LaTeX Font Info:    Checking defaults for T1/cmr/m/n on input line 97.
LaTeX Font Info:    ... okay on input line 97.
LaTeX Font Info:    Checking defaults for TS1/cmr/m/n on input line 97.
LaTeX Font Info:    ... okay on input line 97.
LaTeX Font Info:    Checking defaults for TU/lmr/m/n on input line 97.
LaTeX Font Info:    ... okay on input line 97.
LaTeX Font Info:    Checking defaults for OMX/cmex/m/n on input line 97.
LaTeX Font Info:    ... okay on input line 97.
LaTeX Font Info:    Checking defaults for U/cmr/m/n on input line 97.
LaTeX Font Info:    ... okay on input line 97.
LaTeX Font Info:    Checking defaults for MDA/cmr/m/n on input line 97.
LaTeX Font Info:    Trying to load font information for MDA+cmr on input line 97.
(c:/texlive/2025/texmf-dist/tex/latex/mathdesign/mdacmr.fd
File: mdacmr.fd 
)
LaTeX Font Info:    ... okay on input line 97.
LaTeX Font Info:    Checking defaults for MDB/cmr/m/n on input line 97.
LaTeX Font Info:    Trying to load font information for MDB+cmr on input line 97.
(c:/texlive/2025/texmf-dist/tex/latex/mathdesign/mdbcmr.fd
File: mdbcmr.fd 
)
LaTeX Font Info:    ... okay on input line 97.
LaTeX Font Info:    Checking defaults for PD1/pdf/m/n on input line 97.
LaTeX Font Info:    ... okay on input line 97.
LaTeX Font Info:    Checking defaults for PU/pdf/m/n on input line 97.
LaTeX Font Info:    ... okay on input line 97.
*geometry* driver: auto-detecting
*geometry* detected driver: xetex
*geometry* verbose mode - [ preamble ] result:
* driver: xetex
* paper: a4paper
* layout: <same size as paper>
* layoutoffset:(h,v)=(0.0pt,0.0pt)
* modes: twoside 
* h-part:(L,W,R)=(56.9055pt, 483.69684pt, 56.90553pt)
* v-part:(T,H,B)=(56.9055pt, 731.23582pt, 56.90552pt)
* \paperwidth=597.50787pt
* \paperheight=845.04684pt
* \textwidth=483.69684pt
* \textheight=731.23582pt
* \oddsidemargin=-15.36449pt
* \evensidemargin=-15.36446pt
* \topmargin=-45.43198pt
* \headheight=12.0pt
* \headsep=18.06749pt
* \topskip=10.0pt
* \footskip=25.29494pt
* \marginparwidth=115.0pt
* \marginparsep=7.0pt
* \columnsep=10.0pt
* \skip\footins=9.0pt plus 4.0pt minus 2.0pt
* \hoffset=0.0pt
* \voffset=0.0pt
* \mag=1000
* \@twocolumnfalse
* \@twosidetrue
* \@mparswitchtrue
* \@reversemarginfalse
* (1in=72.27pt=25.4mm, 1cm=28.453pt)

Package hyperref Info: Link coloring ON on input line 97.
(./physical-olympics-2.out) (./physical-olympics-2.out)
\@outlinefile=\write3
\openout3 = `physical-olympics-2.out'.

Option `squaren' provided! 
 Command \squaren defined by SIunits package!

Package caption Info: Begin \AtBeginDocument code.
Package caption Info: float package is loaded.
Package caption Info: wrapfig package is loaded.
Package caption Info: End \AtBeginDocument code.

Package fontspec Info: 
(fontspec)             Could not resolve font "FZYouHeiS/BI" (it probably
(fontspec)             doesn't exist).


Package fontspec Info: 
(fontspec)             Could not resolve font "FZYouHeiS/B" (it probably
(fontspec)             doesn't exist).


Package fontspec Info: 
(fontspec)             Could not resolve font "FZYouHeiS/I" (it probably
(fontspec)             doesn't exist).


Package fontspec Info: 
(fontspec)             Font family 'FZYouHeiS(0)' created for font 'FZYouHeiS'
(fontspec)             with options [Script={CJK}].
(fontspec)              
(fontspec)              This font family consists of the following NFSS
(fontspec)             series/shapes:
(fontspec)              
(fontspec)             - 'normal' (m/n) with NFSS spec.:
(fontspec)             <->"FZYouHeiS/OT:script=hani;language=dflt;"

LaTeX Font Info:    Trying to load font information for OT1+lmr on input line 103.
(c:/texlive/2025/texmf-dist/tex/latex/lm/ot1lmr.fd
File: ot1lmr.fd 2015/05/01 v1.6.1 Font defs for Latin Modern
)
LaTeX Font Info:    Trying to load font information for OML+lmm on input line 103.
(c:/texlive/2025/texmf-dist/tex/latex/lm/omllmm.fd
File: omllmm.fd 2015/05/01 v1.6.1 Font defs for Latin Modern
)
LaTeX Font Info:    Trying to load font information for OMS+lmsy on input line 103.
(c:/texlive/2025/texmf-dist/tex/latex/lm/omslmsy.fd
File: omslmsy.fd 2015/05/01 v1.6.1 Font defs for Latin Modern
)
LaTeX Font Info:    Trying to load font information for OMX+lmex on input line 103.
(c:/texlive/2025/texmf-dist/tex/latex/lm/omxlmex.fd
File: omxlmex.fd 2015/05/01 v1.6.1 Font defs for Latin Modern
)
LaTeX Font Info:    External font `lmex10' loaded for size
(Font)              <12.045> on input line 103.
LaTeX Font Info:    External font `lmex10' loaded for size
(Font)              <8> on input line 103.
LaTeX Font Info:    External font `lmex10' loaded for size
(Font)              <6> on input line 103.
LaTeX Font Info:    Trying to load font information for OMS+mdbch on input line 103.
(c:/texlive/2025/texmf-dist/tex/latex/mathdesign/mdbch/omsmdbch.fd
File: omsmdbch.fd 2013/08/29 Fontinst v1.933 font definitions for OMS/mdbch.
)
LaTeX Font Info:    Font shape `OMS/mdbch/m/n' will be
(Font)              scaled to size 11.56328pt on input line 103.
LaTeX Font Info:    Font shape `OMS/mdbch/m/n' will be
(Font)              scaled to size 7.68005pt on input line 103.
LaTeX Font Info:    Font shape `OMS/mdbch/m/n' will be
(Font)              scaled to size 5.76004pt on input line 103.
LaTeX Font Info:    Trying to load font information for OML+mdbch on input line 103.
(c:/texlive/2025/texmf-dist/tex/latex/mathdesign/mdbch/omlmdbch.fd
File: omlmdbch.fd 2013/08/29 Fontinst v1.933 font definitions for OML/mdbch.
)
LaTeX Font Info:    Font shape `OML/mdbch/m/n' will be
(Font)              scaled to size 11.56328pt on input line 103.
LaTeX Font Info:    Font shape `OML/mdbch/m/n' will be
(Font)              scaled to size 7.68005pt on input line 103.
LaTeX Font Info:    Font shape `OML/mdbch/m/n' will be
(Font)              scaled to size 5.76004pt on input line 103.
LaTeX Font Info:    Trying to load font information for MDA+mdbch on input line 103.
(c:/texlive/2025/texmf-dist/tex/latex/mathdesign/mdbch/mdamdbch.fd
File: mdamdbch.fd 2013/08/29 Fontinst v1.933 font definitions for MDA/mdbch.
)
LaTeX Font Info:    Font shape `MDA/mdbch/m/n' will be
(Font)              scaled to size 11.56328pt on input line 103.
LaTeX Font Info:    Font shape `MDA/mdbch/m/n' will be
(Font)              scaled to size 7.68005pt on input line 103.
LaTeX Font Info:    Font shape `MDA/mdbch/m/n' will be
(Font)              scaled to size 5.76004pt on input line 103.
LaTeX Font Info:    Trying to load font information for MDB+mdbch on input line 103.
(c:/texlive/2025/texmf-dist/tex/latex/mathdesign/mdbch/mdbmdbch.fd
File: mdbmdbch.fd 2013/08/29 Fontinst v1.933 font definitions for MDB/mdbch.
)
LaTeX Font Info:    Font shape `MDB/mdbch/m/n' will be
(Font)              scaled to size 11.56328pt on input line 103.
LaTeX Font Info:    Font shape `MDB/mdbch/m/n' will be
(Font)              scaled to size 7.68005pt on input line 103.
LaTeX Font Info:    Font shape `MDB/mdbch/m/n' will be
(Font)              scaled to size 5.76004pt on input line 103.


[1



]


Package fancyhdr Warning: \headheight is too small (12.0pt): 
(fancyhdr)                Make it at least 12.64723pt, for example:
(fancyhdr)                \setlength{\headheight}{12.64723pt}.
(fancyhdr)                You might also make \topmargin smaller:
(fancyhdr)                \addtolength{\topmargin}{-0.64723pt}.

[2

]

LaTeX Font Warning: Font shape `TU/方正聚珍新仿简体(0)/b/n' undefined
(Font)              using `TU/方正聚珍新仿简体(0)/m/n' instead on input line 106.

(./physical-olympics-2.toc
LaTeX Font Info:    External font `lmex10' loaded for size
(Font)              <10.53937> on input line 2.
LaTeX Font Info:    External font `lmex10' loaded for size
(Font)              <7> on input line 2.
LaTeX Font Info:    External font `lmex10' loaded for size
(Font)              <5> on input line 2.
LaTeX Font Info:    Font shape `OMS/mdbch/m/n' will be
(Font)              scaled to size 10.11786pt on input line 2.
LaTeX Font Info:    Font shape `OMS/mdbch/m/n' will be
(Font)              scaled to size 6.72005pt on input line 2.
LaTeX Font Info:    Font shape `OMS/mdbch/m/n' will be
(Font)              scaled to size 4.80003pt on input line 2.
LaTeX Font Info:    Font shape `OML/mdbch/m/n' will be
(Font)              scaled to size 10.11786pt on input line 2.
LaTeX Font Info:    Font shape `OML/mdbch/m/n' will be
(Font)              scaled to size 6.72005pt on input line 2.
LaTeX Font Info:    Font shape `OML/mdbch/m/n' will be
(Font)              scaled to size 4.80003pt on input line 2.
LaTeX Font Info:    Font shape `MDA/mdbch/m/n' will be
(Font)              scaled to size 10.11786pt on input line 2.
LaTeX Font Info:    Font shape `MDA/mdbch/m/n' will be
(Font)              scaled to size 6.72005pt on input line 2.
LaTeX Font Info:    Font shape `MDA/mdbch/m/n' will be
(Font)              scaled to size 4.80003pt on input line 2.
LaTeX Font Info:    Font shape `MDB/mdbch/m/n' will be
(Font)              scaled to size 10.11786pt on input line 2.
LaTeX Font Info:    Font shape `MDB/mdbch/m/n' will be
(Font)              scaled to size 6.72005pt on input line 2.
LaTeX Font Info:    Font shape `MDB/mdbch/m/n' will be
(Font)              scaled to size 4.80003pt on input line 2.

LaTeX Font Warning: Font shape `OML/eur/m/n' in size <10.53937> not available
(Font)              size <10.95> substituted on input line 2.



[1

]


LaTeX Font Warning: Font shape `TU/方正聚珍新仿简体(0)/m/sl' undefined
(Font)              using `TU/方正聚珍新仿简体(0)/m/n' instead on input line 84.


Package fancyhdr Warning: \headheight is too small (12.0pt): 
(fancyhdr)                Make it at least 12.64723pt, for example:
(fancyhdr)                \setlength{\headheight}{12.64723pt}.
(fancyhdr)                You might also make \topmargin smaller:
(fancyhdr)                \addtolength{\topmargin}{-0.64723pt}.

[2]


Package fancyhdr Warning: \headheight is too small (12.0pt): 
(fancyhdr)                Make it at least 12.64723pt, for example:
(fancyhdr)                \setlength{\headheight}{12.64723pt}.
(fancyhdr)                You might also make \topmargin smaller:
(fancyhdr)                \addtolength{\topmargin}{-0.64723pt}.

[3]


Package fancyhdr Warning: \headheight is too small (12.0pt): 
(fancyhdr)                Make it at least 12.64723pt, for example:
(fancyhdr)                \setlength{\headheight}{12.64723pt}.
(fancyhdr)                You might also make \topmargin smaller:
(fancyhdr)                \addtolength{\topmargin}{-0.64723pt}.

[4]


Package fancyhdr Warning: \headheight is too small (12.0pt): 
(fancyhdr)                Make it at least 12.64723pt, for example:
(fancyhdr)                \setlength{\headheight}{12.64723pt}.
(fancyhdr)                You might also make \topmargin smaller:
(fancyhdr)                \addtolength{\topmargin}{-0.64723pt}.

[5]


Package fancyhdr Warning: \headheight is too small (12.0pt): 
(fancyhdr)                Make it at least 12.64723pt, for example:
(fancyhdr)                \setlength{\headheight}{12.64723pt}.
(fancyhdr)                You might also make \topmargin smaller:
(fancyhdr)                \addtolength{\topmargin}{-0.64723pt}.

[6]


Package fancyhdr Warning: \headheight is too small (12.0pt): 
(fancyhdr)                Make it at least 12.64723pt, for example:
(fancyhdr)                \setlength{\headheight}{12.64723pt}.
(fancyhdr)                You might also make \topmargin smaller:
(fancyhdr)                \addtolength{\topmargin}{-0.64723pt}.

[7])
\tf@toc=\write4
\openout4 = `physical-olympics-2.toc'.




Package fancyhdr Warning: \headheight is too small (12.0pt): 
(fancyhdr)                Make it at least 12.64723pt, for example:
(fancyhdr)                \setlength{\headheight}{12.64723pt}.
(fancyhdr)                You might also make \topmargin smaller:
(fancyhdr)                \addtolength{\topmargin}{-0.64723pt}.

[8]
\openout2 = `chapter/preamble.aux'.

(./chapter/preamble.tex
第一章
)

[9


]
\openout2 = `chapter/kinematics.aux'.

(./chapter/kinematics.tex


Package fancyhdr Warning: \headheight is too small (12.0pt): 
(fancyhdr)                Make it at least 12.64723pt, for example:
(fancyhdr)                \setlength{\headheight}{12.64723pt}.
(fancyhdr)                You might also make \topmargin smaller:
(fancyhdr)                \addtolength{\topmargin}{-0.64723pt}.

[10




]
第二章
LaTeX Font Info:    External font `lmex10' loaded for size
(Font)              <7.52812> on input line 6.
LaTeX Font Info:    Font shape `OMS/mdbch/m/n' will be
(Font)              scaled to size 7.22704pt on input line 6.
LaTeX Font Info:    Font shape `OML/mdbch/m/n' will be
(Font)              scaled to size 7.22704pt on input line 6.
LaTeX Font Info:    Font shape `MDA/mdbch/m/n' will be
(Font)              scaled to size 7.22704pt on input line 6.
LaTeX Font Info:    Font shape `MDB/mdbch/m/n' will be
(Font)              scaled to size 7.22704pt on input line 6.

LaTeX Font Warning: Font shape `OML/eur/m/n' in size <7.52812> not available
(Font)              size <8> substituted on input line 6.


Package hyperref Warning: Token not allowed in a PDF string (Unicode):
(hyperref)                removing `\leavevmode@ifvmode' on input line 8.


Package hyperref Warning: Token not allowed in a PDF string (Unicode):
(hyperref)                \kern 1.75693pt
(hyperref)                removed on input line 8.

File: image/6-1-1.png Graphic file (type bmp)
<image/6-1-1.png>


[11]


Package fancyhdr Warning: \headheight is too small (12.0pt): 
(fancyhdr)                Make it at least 12.64723pt, for example:
(fancyhdr)                \setlength{\headheight}{12.64723pt}.
(fancyhdr)                You might also make \topmargin smaller:
(fancyhdr)                \addtolength{\topmargin}{-0.64723pt}.

[12]
LaTeX Font Info:    Font shape `OMS/mdbch/b/n' will be
(Font)              scaled to size 10.11786pt on input line 69.
LaTeX Font Info:    Font shape `OMS/mdbch/b/n' will be
(Font)              scaled to size 6.72005pt on input line 69.
LaTeX Font Info:    Font shape `OMS/mdbch/b/n' will be
(Font)              scaled to size 4.80003pt on input line 69.
LaTeX Font Info:    Font shape `OML/mdbch/b/n' will be
(Font)              scaled to size 10.11786pt on input line 69.
LaTeX Font Info:    Font shape `OML/mdbch/b/n' will be
(Font)              scaled to size 6.72005pt on input line 69.
LaTeX Font Info:    Font shape `OML/mdbch/b/n' will be
(Font)              scaled to size 4.80003pt on input line 69.
LaTeX Font Info:    Font shape `MDA/mdbch/b/n' will be
(Font)              scaled to size 10.11786pt on input line 69.
LaTeX Font Info:    Font shape `MDA/mdbch/b/n' will be
(Font)              scaled to size 6.72005pt on input line 69.
LaTeX Font Info:    Font shape `MDA/mdbch/b/n' will be
(Font)              scaled to size 4.80003pt on input line 69.
LaTeX Font Info:    Font shape `MDB/mdbch/b/n' will be
(Font)              scaled to size 10.11786pt on input line 69.
LaTeX Font Info:    Font shape `MDB/mdbch/b/n' will be
(Font)              scaled to size 6.72005pt on input line 69.
LaTeX Font Info:    Font shape `MDB/mdbch/b/n' will be
(Font)              scaled to size 4.80003pt on input line 69.

Overfull \hbox (6.41351pt too wide) in paragraph at lines 77--78
\TU/方正聚珍新仿简体(0)/m/n/10.53937 条[]世 界 线[]\T1/lmr/m/n/10.53937 (world line).\TU/方正聚珍新仿简体(0)/m/n/10.53937 每 一 个 时 间 仅 仅 有 可 能 只 有 一 个 事 件 发 生\T1/lmr/m/n/10.53937 .\TU/方正聚珍新仿简体(0)/m/n/10.53937 实 际 上 质 点 的 运 动 用[]运 动 学 方 程[]\T1/lmr/m/n/10.53937 (kinematic
 []




Package fancyhdr Warning: \headheight is too small (12.0pt): 
(fancyhdr)                Make it at least 12.64723pt, for example:
(fancyhdr)                \setlength{\headheight}{12.64723pt}.
(fancyhdr)                You might also make \topmargin smaller:
(fancyhdr)                \addtolength{\topmargin}{-0.64723pt}.

[13]
File: image/6-1-2.png Graphic file (type bmp)
<image/6-1-2.png>



Package fancyhdr Warning: \headheight is too small (12.0pt): 
(fancyhdr)                Make it at least 12.64723pt, for example:
(fancyhdr)                \setlength{\headheight}{12.64723pt}.
(fancyhdr)                You might also make \topmargin smaller:
(fancyhdr)                \addtolength{\topmargin}{-0.64723pt}.

[14]

Package hyperref Warning: Token not allowed in a PDF string (Unicode):
(hyperref)                removing `\leavevmode@ifvmode' on input line 123.


Package hyperref Warning: Token not allowed in a PDF string (Unicode):
(hyperref)                \kern 1.75693pt
(hyperref)                removed on input line 123.




Package fancyhdr Warning: \headheight is too small (12.0pt): 
(fancyhdr)                Make it at least 12.64723pt, for example:
(fancyhdr)                \setlength{\headheight}{12.64723pt}.
(fancyhdr)                You might also make \topmargin smaller:
(fancyhdr)                \addtolength{\topmargin}{-0.64723pt}.

[15]
File: image/6-1-15.png Graphic file (type bmp)
<image/6-1-15.png>
File: image/6-1-3.png Graphic file (type bmp)
<image/6-1-3.png>

Package caption Warning: \label without proper reference on input line 174.
See the caption package documentation for explanation.


LaTeX Warning: Reference `??' on page 16 undefined on input line 185.




Package fancyhdr Warning: \headheight is too small (12.0pt): 
(fancyhdr)                Make it at least 12.64723pt, for example:
(fancyhdr)                \setlength{\headheight}{12.64723pt}.
(fancyhdr)                You might also make \topmargin smaller:
(fancyhdr)                \addtolength{\topmargin}{-0.64723pt}.

[16]
File: image/6-1-4.png Graphic file (type bmp)
<image/6-1-4.png>



Package fancyhdr Warning: \headheight is too small (12.0pt): 
(fancyhdr)                Make it at least 12.64723pt, for example:
(fancyhdr)                \setlength{\headheight}{12.64723pt}.
(fancyhdr)                You might also make \topmargin smaller:
(fancyhdr)                \addtolength{\topmargin}{-0.64723pt}.

[17]


Package fancyhdr Warning: \headheight is too small (12.0pt): 
(fancyhdr)                Make it at least 12.64723pt, for example:
(fancyhdr)                \setlength{\headheight}{12.64723pt}.
(fancyhdr)                You might also make \topmargin smaller:
(fancyhdr)                \addtolength{\topmargin}{-0.64723pt}.

[18]
File: image/6-1-5.png Graphic file (type bmp)
<image/6-1-5.png>
File: image/6-1-6.png Graphic file (type bmp)
<image/6-1-6.png>



Package fancyhdr Warning: \headheight is too small (12.0pt): 
(fancyhdr)                Make it at least 12.64723pt, for example:
(fancyhdr)                \setlength{\headheight}{12.64723pt}.
(fancyhdr)                You might also make \topmargin smaller:
(fancyhdr)                \addtolength{\topmargin}{-0.64723pt}.

[19]


Package fancyhdr Warning: \headheight is too small (12.0pt): 
(fancyhdr)                Make it at least 12.64723pt, for example:
(fancyhdr)                \setlength{\headheight}{12.64723pt}.
(fancyhdr)                You might also make \topmargin smaller:
(fancyhdr)                \addtolength{\topmargin}{-0.64723pt}.

[20]
File: image/6-1-7.png Graphic file (type bmp)
<image/6-1-7.png>



Package fancyhdr Warning: \headheight is too small (12.0pt): 
(fancyhdr)                Make it at least 12.64723pt, for example:
(fancyhdr)                \setlength{\headheight}{12.64723pt}.
(fancyhdr)                You might also make \topmargin smaller:
(fancyhdr)                \addtolength{\topmargin}{-0.64723pt}.

[21]


Package fancyhdr Warning: \headheight is too small (12.0pt): 
(fancyhdr)                Make it at least 12.64723pt, for example:
(fancyhdr)                \setlength{\headheight}{12.64723pt}.
(fancyhdr)                You might also make \topmargin smaller:
(fancyhdr)                \addtolength{\topmargin}{-0.64723pt}.

[22]
File: image/6-1-8.png Graphic file (type bmp)
<image/6-1-8.png>
LaTeX Font Info:    Font shape `OMS/mdbch/b/n' will be
(Font)              scaled to size 7.22704pt on input line 448.
LaTeX Font Info:    Font shape `OML/mdbch/b/n' will be
(Font)              scaled to size 7.22704pt on input line 448.
LaTeX Font Info:    Font shape `MDA/mdbch/b/n' will be
(Font)              scaled to size 7.22704pt on input line 448.
LaTeX Font Info:    Font shape `MDB/mdbch/b/n' will be
(Font)              scaled to size 7.22704pt on input line 448.



Package fancyhdr Warning: \headheight is too small (12.0pt): 
(fancyhdr)                Make it at least 12.64723pt, for example:
(fancyhdr)                \setlength{\headheight}{12.64723pt}.
(fancyhdr)                You might also make \topmargin smaller:
(fancyhdr)                \addtolength{\topmargin}{-0.64723pt}.

[23]


Package fancyhdr Warning: \headheight is too small (12.0pt): 
(fancyhdr)                Make it at least 12.64723pt, for example:
(fancyhdr)                \setlength{\headheight}{12.64723pt}.
(fancyhdr)                You might also make \topmargin smaller:
(fancyhdr)                \addtolength{\topmargin}{-0.64723pt}.

[24]
File: image/6-1-10.png Graphic file (type bmp)
<image/6-1-10.png>



Package fancyhdr Warning: \headheight is too small (12.0pt): 
(fancyhdr)                Make it at least 12.64723pt, for example:
(fancyhdr)                \setlength{\headheight}{12.64723pt}.
(fancyhdr)                You might also make \topmargin smaller:
(fancyhdr)                \addtolength{\topmargin}{-0.64723pt}.

[25]
Overfull \hbox (3.45781pt too wide) in paragraph at lines 533--534
[]\TU/方正聚珍新仿简体(0)/m/n/10.53937 这 很 容 易 证 明\T1/lmr/m/n/10.53937 ,\TU/方正聚珍新仿简体(0)/m/n/10.53937 对 一 个 矢 量 求 导 数\T1/lmr/m/n/10.53937 ,\TU/方正聚珍新仿简体(0)/m/n/10.53937 一 看 分 量 变 不 变\T1/lmr/m/n/10.53937 ,\TU/方正聚珍新仿简体(0)/m/n/10.53937 而 看 基 矢 量 本 身 有 没 有 旋 转\T1/lmr/m/n/10.53937 .\TU/方正聚珍新仿简体(0)/m/n/10.53937 那 么 就 会 产 生 两 项\T1/lmr/m/n/10.53937 .\TU/方正聚珍新仿简体(0)/m/n/10.53937 实
 []


Overfull \hbox (13.02544pt too wide) in paragraph at lines 556--557
[]\TU/方正聚珍新仿简体(0)/m/n/10.53937 柯 氏 即 柯 里 奥 利\T1/lmr/m/n/10.53937 .\TU/方正聚珍新仿简体(0)/m/n/10.53937 相 对 速 度 与 相 对 加 速 度 就 是 $[][]\OML/lmm/m/it/10.53937 ;  [][]$\T1/lmr/m/n/10.53937 .\TU/方正聚珍新仿简体(0)/m/n/10.53937 言 下 之 意 就 是 我 们 定 义 了 所 谓 的[]牵 连 速 度[]\T1/lmr/m/n/10.53937 (convected
 []




Package fancyhdr Warning: \headheight is too small (12.0pt): 
(fancyhdr)                Make it at least 12.64723pt, for example:
(fancyhdr)                \setlength{\headheight}{12.64723pt}.
(fancyhdr)                You might also make \topmargin smaller:
(fancyhdr)                \addtolength{\topmargin}{-0.64723pt}.

[26]
Overfull \hbox (2.15442pt too wide) in paragraph at lines 568--569
[]\TU/方正聚珍新仿简体(0)/m/n/10.53937 最 后 值 得 注 意\T1/lmr/m/n/10.53937 ,\TU/方正聚珍新仿简体(0)/m/n/10.53937 如 果 $[]$ 和 $[]$ 恒 为 零\T1/lmr/m/n/10.53937 ,\TU/方正聚珍新仿简体(0)/m/n/10.53937 这 也 并 不 少 见\T1/lmr/m/n/10.53937 ,\TU/方正聚珍新仿简体(0)/m/n/10.53937 那 么 这 样 的 动 系 就 是[]平 动 系[]\T1/lmr/m/n/10.53937 (translational frame).\TU/方正聚珍新仿简体(0)/m/n/10.53937 此
 []

File: image/6-1-11.png Graphic file (type bmp)
<image/6-1-11.png>



Package fancyhdr Warning: \headheight is too small (12.0pt): 
(fancyhdr)                Make it at least 12.64723pt, for example:
(fancyhdr)                \setlength{\headheight}{12.64723pt}.
(fancyhdr)                You might also make \topmargin smaller:
(fancyhdr)                \addtolength{\topmargin}{-0.64723pt}.

[27]


Package fancyhdr Warning: \headheight is too small (12.0pt): 
(fancyhdr)                Make it at least 12.64723pt, for example:
(fancyhdr)                \setlength{\headheight}{12.64723pt}.
(fancyhdr)                You might also make \topmargin smaller:
(fancyhdr)                \addtolength{\topmargin}{-0.64723pt}.

[28])


Package fancyhdr Warning: \headheight is too small (12.0pt): 
(fancyhdr)                Make it at least 12.64723pt, for example:
(fancyhdr)                \setlength{\headheight}{12.64723pt}.
(fancyhdr)                You might also make \topmargin smaller:
(fancyhdr)                \addtolength{\topmargin}{-0.64723pt}.

[29]
\openout2 = `chapter/dynamics.aux'.

(./chapter/dynamics.tex


Package fancyhdr Warning: \headheight is too small (12.0pt): 
(fancyhdr)                Make it at least 12.64723pt, for example:
(fancyhdr)                \setlength{\headheight}{12.64723pt}.
(fancyhdr)                You might also make \topmargin smaller:
(fancyhdr)                \addtolength{\topmargin}{-0.64723pt}.

[30




]
第三章


[31]


Package fancyhdr Warning: \headheight is too small (12.0pt): 
(fancyhdr)                Make it at least 12.64723pt, for example:
(fancyhdr)                \setlength{\headheight}{12.64723pt}.
(fancyhdr)                You might also make \topmargin smaller:
(fancyhdr)                \addtolength{\topmargin}{-0.64723pt}.

[32]


Package fancyhdr Warning: \headheight is too small (12.0pt): 
(fancyhdr)                Make it at least 12.64723pt, for example:
(fancyhdr)                \setlength{\headheight}{12.64723pt}.
(fancyhdr)                You might also make \topmargin smaller:
(fancyhdr)                \addtolength{\topmargin}{-0.64723pt}.

[33]
Overfull \hbox (2.57611pt too wide) in paragraph at lines 79--80
[]\TU/方正聚珍新仿简体(0)/m/n/10.53937 也 正 是 牛 顿 第 三 定 律 暗 示 了 牛 顿 经 典 力 学 体 系 的 缺 点\T1/lmr/m/n/10.53937 .\TU/方正聚珍新仿简体(0)/m/n/10.53937 因 为 我 们 无 法 解 释 牛 顿 第 三 定 律 的 \T1/lmr/m/n/10.53937 ``\TU/方正聚珍新仿简体(0)/m/n/10.53937 自 然 性\T1/lmr/m/n/10.53937 '',\TU/方正聚珍新仿简体(0)/m/n/10.53937 取
 []




Package fancyhdr Warning: \headheight is too small (12.0pt): 
(fancyhdr)                Make it at least 12.64723pt, for example:
(fancyhdr)                \setlength{\headheight}{12.64723pt}.
(fancyhdr)                You might also make \topmargin smaller:
(fancyhdr)                \addtolength{\topmargin}{-0.64723pt}.

[34]


Package fancyhdr Warning: \headheight is too small (12.0pt): 
(fancyhdr)                Make it at least 12.64723pt, for example:
(fancyhdr)                \setlength{\headheight}{12.64723pt}.
(fancyhdr)                You might also make \topmargin smaller:
(fancyhdr)                \addtolength{\topmargin}{-0.64723pt}.

[35]


Package fancyhdr Warning: \headheight is too small (12.0pt): 
(fancyhdr)                Make it at least 12.64723pt, for example:
(fancyhdr)                \setlength{\headheight}{12.64723pt}.
(fancyhdr)                You might also make \topmargin smaller:
(fancyhdr)                \addtolength{\topmargin}{-0.64723pt}.

[36]


Package fancyhdr Warning: \headheight is too small (12.0pt): 
(fancyhdr)                Make it at least 12.64723pt, for example:
(fancyhdr)                \setlength{\headheight}{12.64723pt}.
(fancyhdr)                You might also make \topmargin smaller:
(fancyhdr)                \addtolength{\topmargin}{-0.64723pt}.

[37]


Package fancyhdr Warning: \headheight is too small (12.0pt): 
(fancyhdr)                Make it at least 12.64723pt, for example:
(fancyhdr)                \setlength{\headheight}{12.64723pt}.
(fancyhdr)                You might also make \topmargin smaller:
(fancyhdr)                \addtolength{\topmargin}{-0.64723pt}.

[38]


Package fancyhdr Warning: \headheight is too small (12.0pt): 
(fancyhdr)                Make it at least 12.64723pt, for example:
(fancyhdr)                \setlength{\headheight}{12.64723pt}.
(fancyhdr)                You might also make \topmargin smaller:
(fancyhdr)                \addtolength{\topmargin}{-0.64723pt}.

[39]


Package fancyhdr Warning: \headheight is too small (12.0pt): 
(fancyhdr)                Make it at least 12.64723pt, for example:
(fancyhdr)                \setlength{\headheight}{12.64723pt}.
(fancyhdr)                You might also make \topmargin smaller:
(fancyhdr)                \addtolength{\topmargin}{-0.64723pt}.

[40]


Package fancyhdr Warning: \headheight is too small (12.0pt): 
(fancyhdr)                Make it at least 12.64723pt, for example:
(fancyhdr)                \setlength{\headheight}{12.64723pt}.
(fancyhdr)                You might also make \topmargin smaller:
(fancyhdr)                \addtolength{\topmargin}{-0.64723pt}.

[41]


Package fancyhdr Warning: \headheight is too small (12.0pt): 
(fancyhdr)                Make it at least 12.64723pt, for example:
(fancyhdr)                \setlength{\headheight}{12.64723pt}.
(fancyhdr)                You might also make \topmargin smaller:
(fancyhdr)                \addtolength{\topmargin}{-0.64723pt}.

[42]


Package fancyhdr Warning: \headheight is too small (12.0pt): 
(fancyhdr)                Make it at least 12.64723pt, for example:
(fancyhdr)                \setlength{\headheight}{12.64723pt}.
(fancyhdr)                You might also make \topmargin smaller:
(fancyhdr)                \addtolength{\topmargin}{-0.64723pt}.

[43]
Overfull \hbox (20.02768pt too wide) in paragraph at lines 438--439
\TU/方正聚珍新仿简体(0)/m/n/10.53937 理[]\T1/lmr/m/n/10.53937 (work-energy prin-ci-ple).\TU/方正聚珍新仿简体(0)/m/n/10.53937 它 仅 仅 是 换 着 法 子 写 了 动 能 定 律 而 已\T1/lmr/m/n/10.53937 .\TU/方正聚珍新仿简体(0)/m/n/10.53937 但 是 这 种 写 法 是 为 了 用[]能 量 守 恒[]\T1/lmr/m/n/10.53937 (conservation
 []




Package fancyhdr Warning: \headheight is too small (12.0pt): 
(fancyhdr)                Make it at least 12.64723pt, for example:
(fancyhdr)                \setlength{\headheight}{12.64723pt}.
(fancyhdr)                You might also make \topmargin smaller:
(fancyhdr)                \addtolength{\topmargin}{-0.64723pt}.

[44]


Package fancyhdr Warning: \headheight is too small (12.0pt): 
(fancyhdr)                Make it at least 12.64723pt, for example:
(fancyhdr)                \setlength{\headheight}{12.64723pt}.
(fancyhdr)                You might also make \topmargin smaller:
(fancyhdr)                \addtolength{\topmargin}{-0.64723pt}.

[45]


Package fancyhdr Warning: \headheight is too small (12.0pt): 
(fancyhdr)                Make it at least 12.64723pt, for example:
(fancyhdr)                \setlength{\headheight}{12.64723pt}.
(fancyhdr)                You might also make \topmargin smaller:
(fancyhdr)                \addtolength{\topmargin}{-0.64723pt}.

[46]
File: image/6-1-12.png Graphic file (type bmp)
<image/6-1-12.png>



Package fancyhdr Warning: \headheight is too small (12.0pt): 
(fancyhdr)                Make it at least 12.64723pt, for example:
(fancyhdr)                \setlength{\headheight}{12.64723pt}.
(fancyhdr)                You might also make \topmargin smaller:
(fancyhdr)                \addtolength{\topmargin}{-0.64723pt}.

[47]
File: image/6-1-13.png Graphic file (type bmp)
<image/6-1-13.png>

Underfull \hbox (badness 10000) in paragraph at lines 583--588
\TU/方正聚珍新仿简体(0)/m/n/10.53937 粗 糙 的 刚 体\T1/lmr/m/n/10.53937 ,\TU/方正聚珍新仿简体(0)/m/n/10.53937 那 么 还 可 以 有 沿 切 线 方 向 的 分 量\T1/lmr/m/n/10.53937 .\TU/方正聚珍新仿简体(0)/m/n/10.53937 不 管 何 种 情 况 我 们 来 证 明 两 个 恒 成 立 的 结 论\T1/lmr/m/n/10.53937 :
 []




Package fancyhdr Warning: \headheight is too small (12.0pt): 
(fancyhdr)                Make it at least 12.64723pt, for example:
(fancyhdr)                \setlength{\headheight}{12.64723pt}.
(fancyhdr)                You might also make \topmargin smaller:
(fancyhdr)                \addtolength{\topmargin}{-0.64723pt}.

[48]
File: image/6-1-14.jpg Graphic file (type bmp)
<image/6-1-14.jpg>

Underfull \vbox (badness 10000) has occurred while \output is active []




Package fancyhdr Warning: \headheight is too small (12.0pt): 
(fancyhdr)                Make it at least 12.64723pt, for example:
(fancyhdr)                \setlength{\headheight}{12.64723pt}.
(fancyhdr)                You might also make \topmargin smaller:
(fancyhdr)                \addtolength{\topmargin}{-0.64723pt}.

[49])


Package fancyhdr Warning: \headheight is too small (12.0pt): 
(fancyhdr)                Make it at least 12.64723pt, for example:
(fancyhdr)                \setlength{\headheight}{12.64723pt}.
(fancyhdr)                You might also make \topmargin smaller:
(fancyhdr)                \addtolength{\topmargin}{-0.64723pt}.

[50]
\openout2 = `chapter/statics.aux'.

(./chapter/statics.tex
第四章
File: image/6-2-1.png Graphic file (type bmp)
<image/6-2-1.png>

Underfull \vbox (badness 1931) has occurred while \output is active []



[51




]
Overfull \hbox (3.89781pt too wide) in paragraph at lines 50--51
[]\T1/lmr/m/n/10.53937 A.\TU/方正聚珍新仿简体(0)/m/n/10.53937 一 个 圆 盘 状 的 冰 球 本 来 由 盘 心 的 $\OT1/lmr/m/n/10.53937 (\OML/lmm/m/it/10.53937 x;  y;  z\OT1/lmr/m/n/10.53937 )$ \TU/方正聚珍新仿简体(0)/m/n/10.53937 和 盘 面 方 向\T1/lmr/m/n/10.53937 ,\TU/方正聚珍新仿简体(0)/m/n/10.53937 即 垂 直 盘 面 的 单 位 法 向 量 $\OT1/lmr/m/n/10.53937 ([] \OML/lmm/m/it/10.53937 ^^K;  [] ^^L;  [] ^^M\OT1/lmr/m/n/10.53937 )$
 []




Package fancyhdr Warning: \headheight is too small (12.0pt): 
(fancyhdr)                Make it at least 12.64723pt, for example:
(fancyhdr)                \setlength{\headheight}{12.64723pt}.
(fancyhdr)                You might also make \topmargin smaller:
(fancyhdr)                \addtolength{\topmargin}{-0.64723pt}.

[52]
File: image/6-2-6.jpg Graphic file (type bmp)
<image/6-2-6.jpg>



Package fancyhdr Warning: \headheight is too small (12.0pt): 
(fancyhdr)                Make it at least 12.64723pt, for example:
(fancyhdr)                \setlength{\headheight}{12.64723pt}.
(fancyhdr)                You might also make \topmargin smaller:
(fancyhdr)                \addtolength{\topmargin}{-0.64723pt}.

[53]
File: image/6-2-2.png Graphic file (type bmp)
<image/6-2-2.png>



Package fancyhdr Warning: \headheight is too small (12.0pt): 
(fancyhdr)                Make it at least 12.64723pt, for example:
(fancyhdr)                \setlength{\headheight}{12.64723pt}.
(fancyhdr)                You might also make \topmargin smaller:
(fancyhdr)                \addtolength{\topmargin}{-0.64723pt}.

[54]
File: image/6-2-3.png Graphic file (type bmp)
<image/6-2-3.png>

Overfull \hbox (21.35533pt too wide) in paragraph at lines 152--153
[]\T1/lmr/m/n/10.53937 Case4.\TU/方正聚珍新仿简体(0)/m/n/10.53937 如 果 绳 子 还 绕 过 了 滑 轮\T1/lmr/m/n/10.53937 ,\TU/方正聚珍新仿简体(0)/m/n/10.53937 那 么 原 则 上 每 一 段 绳 带 来 一 个 约 束 减 少 一 个 自 由 度\T1/lmr/m/n/10.53937 .\TU/方正聚珍新仿简体(0)/m/n/10.53937 例 如 坐 标 为 $\OT1/lmr/m/n/10.53937 (\OML/lmm/m/it/10.53937 x[];  y[];  z[]\OT1/lmr/m/n/10.53937 )$
 []




Package fancyhdr Warning: \headheight is too small (12.0pt): 
(fancyhdr)                Make it at least 12.64723pt, for example:
(fancyhdr)                \setlength{\headheight}{12.64723pt}.
(fancyhdr)                You might also make \topmargin smaller:
(fancyhdr)                \addtolength{\topmargin}{-0.64723pt}.

[55]


Package fancyhdr Warning: \headheight is too small (12.0pt): 
(fancyhdr)                Make it at least 12.64723pt, for example:
(fancyhdr)                \setlength{\headheight}{12.64723pt}.
(fancyhdr)                You might also make \topmargin smaller:
(fancyhdr)                \addtolength{\topmargin}{-0.64723pt}.

[56]
File: image/6-2-4.png Graphic file (type bmp)
<image/6-2-4.png>

Overfull \hbox (0.69016pt too wide) in paragraph at lines 211--212
[]\TU/方正聚珍新仿简体(0)/m/n/10.53937 还 有 一 个 重 要 概 念 需 要 先 一 步 加 以 介 绍\T1/lmr/m/n/10.53937 .\TU/方正聚珍新仿简体(0)/m/n/10.53937 如 果 我 们 考 虑 任 何 一 个 作 用 在 实 际 体 系 的 某 质 点 上 的 力 $[]$\T1/lmr/m/n/10.53937 ,\TU/方正聚珍新仿简体(0)/m/n/10.53937 该
 []

File: image/6-2-5.png Graphic file (type bmp)
<image/6-2-5.png>



Package fancyhdr Warning: \headheight is too small (12.0pt): 
(fancyhdr)                Make it at least 12.64723pt, for example:
(fancyhdr)                \setlength{\headheight}{12.64723pt}.
(fancyhdr)                You might also make \topmargin smaller:
(fancyhdr)                \addtolength{\topmargin}{-0.64723pt}.

[57]

Package wrapfig Warning: Collision between wrapping environments on input line 242.

File: image/6-2-7.png Graphic file (type bmp)
<image/6-2-7.png>

Package wrapfig Warning: Stationary wrapfigure forced to float on input line 247.




Package fancyhdr Warning: \headheight is too small (12.0pt): 
(fancyhdr)                Make it at least 12.64723pt, for example:
(fancyhdr)                \setlength{\headheight}{12.64723pt}.
(fancyhdr)                You might also make \topmargin smaller:
(fancyhdr)                \addtolength{\topmargin}{-0.64723pt}.

[58]
LaTeX Font Info:    Font shape `U/xmdeuf/m/n' will be
(Font)              scaled to size 10.19151pt on input line 285.
LaTeX Font Info:    Font shape `U/xmdeuf/m/n' will be
(Font)              scaled to size 6.76897pt on input line 285.
LaTeX Font Info:    Font shape `U/xmdeuf/m/n' will be
(Font)              scaled to size 4.83498pt on input line 285.
File: image/6-2-8.png Graphic file (type bmp)
<image/6-2-8.png>



Package fancyhdr Warning: \headheight is too small (12.0pt): 
(fancyhdr)                Make it at least 12.64723pt, for example:
(fancyhdr)                \setlength{\headheight}{12.64723pt}.
(fancyhdr)                You might also make \topmargin smaller:
(fancyhdr)                \addtolength{\topmargin}{-0.64723pt}.

[59]


Package fancyhdr Warning: \headheight is too small (12.0pt): 
(fancyhdr)                Make it at least 12.64723pt, for example:
(fancyhdr)                \setlength{\headheight}{12.64723pt}.
(fancyhdr)                You might also make \topmargin smaller:
(fancyhdr)                \addtolength{\topmargin}{-0.64723pt}.

[60]
Overfull \hbox (3.77924pt too wide) in paragraph at lines 348--349
[]\TU/方正聚珍新仿简体(0)/m/n/10.53937 这 个 问 题 的 答 案 其 实 简 单\T1/lmr/m/n/10.53937 :\TU/方正聚珍新仿简体(0)/m/n/10.53937 那 便 是 找 到 最 基 础 的 平 衡 力 系\T1/lmr/m/n/10.53937 ,\TU/方正聚珍新仿简体(0)/m/n/10.53937 它 是 平 衡 核 的[]生 成 元[]\T1/lmr/m/n/10.53937 (generating el-e-ment).\TU/方正聚珍新仿简体(0)/m/n/10.53937 这
 []

File: image/6-2-9.png Graphic file (type bmp)
<image/6-2-9.png>

Underfull \hbox (badness 1005) in paragraph at lines 360--361
\TU/方正聚珍新仿简体(0)/m/n/10.53937 统 时\T1/lmr/m/n/10.53937 ,\TU/方正聚珍新仿简体(0)/m/n/10.53937 它 们 不 仅 受 到 外 力\T1/lmr/m/n/10.53937 ,\TU/方正聚珍新仿简体(0)/m/n/10.53937 还 要 受 约 束 力 \T1/lmr/m/n/10.53937 (\TU/方正聚珍新仿简体(0)/m/n/10.53937 作 为 内
 []




Package fancyhdr Warning: \headheight is too small (12.0pt): 
(fancyhdr)                Make it at least 12.64723pt, for example:
(fancyhdr)                \setlength{\headheight}{12.64723pt}.
(fancyhdr)                You might also make \topmargin smaller:
(fancyhdr)                \addtolength{\topmargin}{-0.64723pt}.

[61]
File: image/6-2-10.png Graphic file (type bmp)
<image/6-2-10.png>
File: image/6-2-11.png Graphic file (type bmp)
<image/6-2-11.png>
File: image/6-2-12.png Graphic file (type bmp)
<image/6-2-12.png>
File: image/6-2-13.png Graphic file (type bmp)
<image/6-2-13.png>



Package fancyhdr Warning: \headheight is too small (12.0pt): 
(fancyhdr)                Make it at least 12.64723pt, for example:
(fancyhdr)                \setlength{\headheight}{12.64723pt}.
(fancyhdr)                You might also make \topmargin smaller:
(fancyhdr)                \addtolength{\topmargin}{-0.64723pt}.

[62]
File: image/6-2-14.png Graphic file (type bmp)
<image/6-2-14.png>
File: image/6-2-15.png Graphic file (type bmp)
<image/6-2-15.png>



Package fancyhdr Warning: \headheight is too small (12.0pt): 
(fancyhdr)                Make it at least 12.64723pt, for example:
(fancyhdr)                \setlength{\headheight}{12.64723pt}.
(fancyhdr)                You might also make \topmargin smaller:
(fancyhdr)                \addtolength{\topmargin}{-0.64723pt}.

[63]


Package fancyhdr Warning: \headheight is too small (12.0pt): 
(fancyhdr)                Make it at least 12.64723pt, for example:
(fancyhdr)                \setlength{\headheight}{12.64723pt}.
(fancyhdr)                You might also make \topmargin smaller:
(fancyhdr)                \addtolength{\topmargin}{-0.64723pt}.

[64]


Package fancyhdr Warning: \headheight is too small (12.0pt): 
(fancyhdr)                Make it at least 12.64723pt, for example:
(fancyhdr)                \setlength{\headheight}{12.64723pt}.
(fancyhdr)                You might also make \topmargin smaller:
(fancyhdr)                \addtolength{\topmargin}{-0.64723pt}.

[65]
LaTeX Font Info:    Font shape `U/xmdeuf/m/n' will be
(Font)              scaled to size 7.27965pt on input line 549.



Package fancyhdr Warning: \headheight is too small (12.0pt): 
(fancyhdr)                Make it at least 12.64723pt, for example:
(fancyhdr)                \setlength{\headheight}{12.64723pt}.
(fancyhdr)                You might also make \topmargin smaller:
(fancyhdr)                \addtolength{\topmargin}{-0.64723pt}.

[66]


Package fancyhdr Warning: \headheight is too small (12.0pt): 
(fancyhdr)                Make it at least 12.64723pt, for example:
(fancyhdr)                \setlength{\headheight}{12.64723pt}.
(fancyhdr)                You might also make \topmargin smaller:
(fancyhdr)                \addtolength{\topmargin}{-0.64723pt}.

[67]


Package fancyhdr Warning: \headheight is too small (12.0pt): 
(fancyhdr)                Make it at least 12.64723pt, for example:
(fancyhdr)                \setlength{\headheight}{12.64723pt}.
(fancyhdr)                You might also make \topmargin smaller:
(fancyhdr)                \addtolength{\topmargin}{-0.64723pt}.

[68]


Package fancyhdr Warning: \headheight is too small (12.0pt): 
(fancyhdr)                Make it at least 12.64723pt, for example:
(fancyhdr)                \setlength{\headheight}{12.64723pt}.
(fancyhdr)                You might also make \topmargin smaller:
(fancyhdr)                \addtolength{\topmargin}{-0.64723pt}.

[69]
File: image/6-2-16.png Graphic file (type bmp)
<image/6-2-16.png>

Overfull \hbox (3.45781pt too wide) in paragraph at lines 671--672
\TU/方正聚珍新仿简体(0)/m/n/10.53937 想 的 却 不 稳 定 的 约 束 情 形 中\T1/lmr/m/n/10.53937 ,\TU/方正聚珍新仿简体(0)/m/n/10.53937 约 束 力 是 可 以 做 实 功 的\T1/lmr/m/n/10.53937 ,\TU/方正聚珍新仿简体(0)/m/n/10.53937 从 而 体 系 能 量 一 般 都 不 会 守 恒\T1/lmr/m/n/10.53937 .\TU/方正聚珍新仿简体(0)/m/n/10.53937 总 之\T1/lmr/m/n/10.53937 ,\TU/方正聚珍新仿简体(0)/m/n/10.53937 所 谓 理 想 约 束\T1/lmr/m/n/10.53937 ,\TU/方正聚珍新仿简体(0)/m/n/10.53937 依
 []




Package fancyhdr Warning: \headheight is too small (12.0pt): 
(fancyhdr)                Make it at least 12.64723pt, for example:
(fancyhdr)                \setlength{\headheight}{12.64723pt}.
(fancyhdr)                You might also make \topmargin smaller:
(fancyhdr)                \addtolength{\topmargin}{-0.64723pt}.

[70]


Package fancyhdr Warning: \headheight is too small (12.0pt): 
(fancyhdr)                Make it at least 12.64723pt, for example:
(fancyhdr)                \setlength{\headheight}{12.64723pt}.
(fancyhdr)                You might also make \topmargin smaller:
(fancyhdr)                \addtolength{\topmargin}{-0.64723pt}.

[71]
Overfull \hbox (0.95279pt too wide) in paragraph at lines 741--742
[]\TU/方正聚珍新仿简体(0)/m/n/10.53937 故 现 在\T1/lmr/m/n/10.53937 ,\TU/方正聚珍新仿简体(0)/m/n/10.53937 我 们 直 接 总 结\T1/lmr/m/n/10.53937 ,\TU/方正聚珍新仿简体(0)/m/n/10.53937 保 守 体 系 的 主 动 力 部 分\T1/lmr/m/n/10.53937 ,\TU/方正聚珍新仿简体(0)/m/n/10.53937 由 势 能 函 数 $\OML/lmm/m/it/10.53937 V\OT1/lmr/m/n/10.53937 (\OML/lmm/m/it/10.53937 q[];  t\OT1/lmr/m/n/10.53937 )$ \TU/方正聚珍新仿简体(0)/m/n/10.53937 来 描 述\T1/lmr/m/n/10.53937 .\TU/方正聚珍新仿简体(0)/m/n/10.53937 十 分 容 易 验 证 的 一 点 是\T1/lmr/m/n/10.53937 ,\TU/方正聚珍新仿简体(0)/m/n/10.53937 此
 []




Package fancyhdr Warning: \headheight is too small (12.0pt): 
(fancyhdr)                Make it at least 12.64723pt, for example:
(fancyhdr)                \setlength{\headheight}{12.64723pt}.
(fancyhdr)                You might also make \topmargin smaller:
(fancyhdr)                \addtolength{\topmargin}{-0.64723pt}.

[72]


Package fancyhdr Warning: \headheight is too small (12.0pt): 
(fancyhdr)                Make it at least 12.64723pt, for example:
(fancyhdr)                \setlength{\headheight}{12.64723pt}.
(fancyhdr)                You might also make \topmargin smaller:
(fancyhdr)                \addtolength{\topmargin}{-0.64723pt}.

[73]


Package fancyhdr Warning: \headheight is too small (12.0pt): 
(fancyhdr)                Make it at least 12.64723pt, for example:
(fancyhdr)                \setlength{\headheight}{12.64723pt}.
(fancyhdr)                You might also make \topmargin smaller:
(fancyhdr)                \addtolength{\topmargin}{-0.64723pt}.

[74])


Package fancyhdr Warning: \headheight is too small (12.0pt): 
(fancyhdr)                Make it at least 12.64723pt, for example:
(fancyhdr)                \setlength{\headheight}{12.64723pt}.
(fancyhdr)                You might also make \topmargin smaller:
(fancyhdr)                \addtolength{\topmargin}{-0.64723pt}.

[75]


Package fancyhdr Warning: \headheight is too small (12.0pt): 
(fancyhdr)                Make it at least 12.64723pt, for example:
(fancyhdr)                \setlength{\headheight}{12.64723pt}.
(fancyhdr)                You might also make \topmargin smaller:
(fancyhdr)                \addtolength{\topmargin}{-0.64723pt}.

[76]
\openout2 = `chapter/harmonics.aux'.

(./chapter/harmonics.tex
第五章


[77




]


Package fancyhdr Warning: \headheight is too small (12.0pt): 
(fancyhdr)                Make it at least 12.64723pt, for example:
(fancyhdr)                \setlength{\headheight}{12.64723pt}.
(fancyhdr)                You might also make \topmargin smaller:
(fancyhdr)                \addtolength{\topmargin}{-0.64723pt}.

[78]


Package fancyhdr Warning: \headheight is too small (12.0pt): 
(fancyhdr)                Make it at least 12.64723pt, for example:
(fancyhdr)                \setlength{\headheight}{12.64723pt}.
(fancyhdr)                You might also make \topmargin smaller:
(fancyhdr)                \addtolength{\topmargin}{-0.64723pt}.

[79]
File: image/6-3-1.png Graphic file (type bmp)
<image/6-3-1.png>



Package fancyhdr Warning: \headheight is too small (12.0pt): 
(fancyhdr)                Make it at least 12.64723pt, for example:
(fancyhdr)                \setlength{\headheight}{12.64723pt}.
(fancyhdr)                You might also make \topmargin smaller:
(fancyhdr)                \addtolength{\topmargin}{-0.64723pt}.

[80]
File: image/6-3-2.png Graphic file (type bmp)
<image/6-3-2.png>



Package fancyhdr Warning: \headheight is too small (12.0pt): 
(fancyhdr)                Make it at least 12.64723pt, for example:
(fancyhdr)                \setlength{\headheight}{12.64723pt}.
(fancyhdr)                You might also make \topmargin smaller:
(fancyhdr)                \addtolength{\topmargin}{-0.64723pt}.

[81]
File: image/6-3-3.png Graphic file (type bmp)
<image/6-3-3.png>



Package fancyhdr Warning: \headheight is too small (12.0pt): 
(fancyhdr)                Make it at least 12.64723pt, for example:
(fancyhdr)                \setlength{\headheight}{12.64723pt}.
(fancyhdr)                You might also make \topmargin smaller:
(fancyhdr)                \addtolength{\topmargin}{-0.64723pt}.

[82]
File: image/6-3-4.png Graphic file (type bmp)
<image/6-3-4.png>



Package fancyhdr Warning: \headheight is too small (12.0pt): 
(fancyhdr)                Make it at least 12.64723pt, for example:
(fancyhdr)                \setlength{\headheight}{12.64723pt}.
(fancyhdr)                You might also make \topmargin smaller:
(fancyhdr)                \addtolength{\topmargin}{-0.64723pt}.

[83]
Overfull \hbox (11.36166pt too wide) in paragraph at lines 310--311
[]\TU/方正聚珍新仿简体(0)/m/n/10.53937 第 二 个 值 得 关 注 的 共 振 参 数\T1/lmr/m/n/10.53937 ,\TU/方正聚珍新仿简体(0)/m/n/10.53937 是 共 振 的 峰 的 宽 度\T1/lmr/m/n/10.53937 .\TU/方正聚珍新仿简体(0)/m/n/10.53937 谐 振 子 模 型 给 出 的 幅 频 曲 线\T1/lmr/m/n/10.53937 ,\TU/方正聚珍新仿简体(0)/m/n/10.53937 与 著 名 的[]柯 西 分 布[]\T1/lmr/m/n/10.53937 (Cauchy
 []

File: image/6-3-5.png Graphic file (type bmp)
<image/6-3-5.png>



Package fancyhdr Warning: \headheight is too small (12.0pt): 
(fancyhdr)                Make it at least 12.64723pt, for example:
(fancyhdr)                \setlength{\headheight}{12.64723pt}.
(fancyhdr)                You might also make \topmargin smaller:
(fancyhdr)                \addtolength{\topmargin}{-0.64723pt}.

[84]
Missing character: There is no 也 ("4E5F) in font ec-lmr10!



Package fancyhdr Warning: \headheight is too small (12.0pt): 
(fancyhdr)                Make it at least 12.64723pt, for example:
(fancyhdr)                \setlength{\headheight}{12.64723pt}.
(fancyhdr)                You might also make \topmargin smaller:
(fancyhdr)                \addtolength{\topmargin}{-0.64723pt}.

[85]
File: image/6-3-7.png Graphic file (type bmp)
<image/6-3-7.png>
File: image/6-3-6.png Graphic file (type bmp)
<image/6-3-6.png>



Package fancyhdr Warning: \headheight is too small (12.0pt): 
(fancyhdr)                Make it at least 12.64723pt, for example:
(fancyhdr)                \setlength{\headheight}{12.64723pt}.
(fancyhdr)                You might also make \topmargin smaller:
(fancyhdr)                \addtolength{\topmargin}{-0.64723pt}.

[86]


Package fancyhdr Warning: \headheight is too small (12.0pt): 
(fancyhdr)                Make it at least 12.64723pt, for example:
(fancyhdr)                \setlength{\headheight}{12.64723pt}.
(fancyhdr)                You might also make \topmargin smaller:
(fancyhdr)                \addtolength{\topmargin}{-0.64723pt}.

[87]


Package fancyhdr Warning: \headheight is too small (12.0pt): 
(fancyhdr)                Make it at least 12.64723pt, for example:
(fancyhdr)                \setlength{\headheight}{12.64723pt}.
(fancyhdr)                You might also make \topmargin smaller:
(fancyhdr)                \addtolength{\topmargin}{-0.64723pt}.

[88]


Package fancyhdr Warning: \headheight is too small (12.0pt): 
(fancyhdr)                Make it at least 12.64723pt, for example:
(fancyhdr)                \setlength{\headheight}{12.64723pt}.
(fancyhdr)                You might also make \topmargin smaller:
(fancyhdr)                \addtolength{\topmargin}{-0.64723pt}.

[89]
Overfull \hbox (26.17023pt too wide) in paragraph at lines 495--496
[]\TU/方正聚珍新仿简体(0)/m/n/10.53937 最 后 还 需 证 明 一 点\T1/lmr/m/n/10.53937 ,\TU/方正聚珍新仿简体(0)/m/n/10.53937 就 是 这 $\OML/lmm/m/it/10.53937 k \OT1/lmr/m/n/10.53937 = 1\OML/lmm/m/it/10.53937 ;  \OT1/lmr/m/n/10.53937 2 [] \OML/lmm/m/it/10.53937 n$ \TU/方正聚珍新仿简体(0)/m/n/10.53937 个 本 征 值 对 应 的 本 征 向 量 不 仅 是 独 立 的\T1/lmr/m/n/10.53937 ,\TU/方正聚珍新仿简体(0)/m/n/10.53937 而 且 还 是[]正 交[]\T1/lmr/m/n/10.53937 (orthogonal)
 []




Package fancyhdr Warning: \headheight is too small (12.0pt): 
(fancyhdr)                Make it at least 12.64723pt, for example:
(fancyhdr)                \setlength{\headheight}{12.64723pt}.
(fancyhdr)                You might also make \topmargin smaller:
(fancyhdr)                \addtolength{\topmargin}{-0.64723pt}.

[90]


Package fancyhdr Warning: \headheight is too small (12.0pt): 
(fancyhdr)                Make it at least 12.64723pt, for example:
(fancyhdr)                \setlength{\headheight}{12.64723pt}.
(fancyhdr)                You might also make \topmargin smaller:
(fancyhdr)                \addtolength{\topmargin}{-0.64723pt}.

[91]


Package fancyhdr Warning: \headheight is too small (12.0pt): 
(fancyhdr)                Make it at least 12.64723pt, for example:
(fancyhdr)                \setlength{\headheight}{12.64723pt}.
(fancyhdr)                You might also make \topmargin smaller:
(fancyhdr)                \addtolength{\topmargin}{-0.64723pt}.

[92]
File: image/6-3-10.png Graphic file (type bmp)
<image/6-3-10.png>
File: image/6-3-8.png Graphic file (type bmp)
<image/6-3-8.png>
File: image/6-3-11.png Graphic file (type bmp)
<image/6-3-11.png>



Package fancyhdr Warning: \headheight is too small (12.0pt): 
(fancyhdr)                Make it at least 12.64723pt, for example:
(fancyhdr)                \setlength{\headheight}{12.64723pt}.
(fancyhdr)                You might also make \topmargin smaller:
(fancyhdr)                \addtolength{\topmargin}{-0.64723pt}.

[93]


Package fancyhdr Warning: \headheight is too small (12.0pt): 
(fancyhdr)                Make it at least 12.64723pt, for example:
(fancyhdr)                \setlength{\headheight}{12.64723pt}.
(fancyhdr)                You might also make \topmargin smaller:
(fancyhdr)                \addtolength{\topmargin}{-0.64723pt}.

[94]
Overfull \hbox (0.5884pt too wide) in paragraph at lines 660--661
[]\TU/方正聚珍新仿简体(0)/m/n/10.53937 接 下 来 我 们 可 以 先 分 析[]单 态[]\T1/lmr/m/n/10.53937 (singlet).\TU/方正聚珍新仿简体(0)/m/n/10.53937 假 设 某 一 个 角 频 率 下 仅 仅 只 有 一 重 简 并\T1/lmr/m/n/10.53937 ,\TU/方正聚珍新仿简体(0)/m/n/10.53937 即 只 有 一 个 本 征 模 式\T1/lmr/m/n/10.53937 .\TU/方正聚珍新仿简体(0)/m/n/10.53937 那
 []




Package fancyhdr Warning: \headheight is too small (12.0pt): 
(fancyhdr)                Make it at least 12.64723pt, for example:
(fancyhdr)                \setlength{\headheight}{12.64723pt}.
(fancyhdr)                You might also make \topmargin smaller:
(fancyhdr)                \addtolength{\topmargin}{-0.64723pt}.

[95]
File: image/6-3-12.png Graphic file (type bmp)
<image/6-3-12.png>



Package fancyhdr Warning: \headheight is too small (12.0pt): 
(fancyhdr)                Make it at least 12.64723pt, for example:
(fancyhdr)                \setlength{\headheight}{12.64723pt}.
(fancyhdr)                You might also make \topmargin smaller:
(fancyhdr)                \addtolength{\topmargin}{-0.64723pt}.

[96]
File: image/6-3-9.png Graphic file (type bmp)
<image/6-3-9.png>



Package fancyhdr Warning: \headheight is too small (12.0pt): 
(fancyhdr)                Make it at least 12.64723pt, for example:
(fancyhdr)                \setlength{\headheight}{12.64723pt}.
(fancyhdr)                You might also make \topmargin smaller:
(fancyhdr)                \addtolength{\topmargin}{-0.64723pt}.

[97]
File: image/6-3-13.png Graphic file (type bmp)
<image/6-3-13.png>



Package fancyhdr Warning: \headheight is too small (12.0pt): 
(fancyhdr)                Make it at least 12.64723pt, for example:
(fancyhdr)                \setlength{\headheight}{12.64723pt}.
(fancyhdr)                You might also make \topmargin smaller:
(fancyhdr)                \addtolength{\topmargin}{-0.64723pt}.

[98]
File: image/6-3-14.png Graphic file (type bmp)
<image/6-3-14.png>

Underfull \hbox (badness 3138) in paragraph at lines 780--781
[][]\TU/方正聚珍新仿简体(0)/m/n/10.53937 上 面 这 个 $\OML/lmm/m/it/10.53937 K$ \TU/方正聚珍新仿简体(0)/m/n/10.53937 应 当 处 于 的 空 间 称 作[]布 里 渊 区[]\T1/lmr/m/n/10.53937 (Brillouin
 []

File: image/6-3-15.png Graphic file (type bmp)
<image/6-3-15.png>



Package fancyhdr Warning: \headheight is too small (12.0pt): 
(fancyhdr)                Make it at least 12.64723pt, for example:
(fancyhdr)                \setlength{\headheight}{12.64723pt}.
(fancyhdr)                You might also make \topmargin smaller:
(fancyhdr)                \addtolength{\topmargin}{-0.64723pt}.

[99]
File: image/6-3-16.png Graphic file (type bmp)
<image/6-3-16.png>



Package fancyhdr Warning: \headheight is too small (12.0pt): 
(fancyhdr)                Make it at least 12.64723pt, for example:
(fancyhdr)                \setlength{\headheight}{12.64723pt}.
(fancyhdr)                You might also make \topmargin smaller:
(fancyhdr)                \addtolength{\topmargin}{-0.64723pt}.

[100]
Overfull \hbox (0.26599pt too wide) in paragraph at lines 852--853
[]\TU/方正聚珍新仿简体(0)/m/n/10.53937 最 后 我 们 指 出\T1/lmr/m/n/10.53937 ,\TU/方正聚珍新仿简体(0)/m/n/10.53937 简 单 的 计 算 产 生 的 结 果 中 还 蕴 含 着 意 义 非 凡 的 一 个 物 理 图 像\T1/lmr/m/n/10.53937 .\TU/方正聚珍新仿简体(0)/m/n/10.53937 那 就 是[]能 带[]\T1/lmr/m/n/10.53937 (energy band)
 []




Package fancyhdr Warning: \headheight is too small (12.0pt): 
(fancyhdr)                Make it at least 12.64723pt, for example:
(fancyhdr)                \setlength{\headheight}{12.64723pt}.
(fancyhdr)                You might also make \topmargin smaller:
(fancyhdr)                \addtolength{\topmargin}{-0.64723pt}.

[101])


Package fancyhdr Warning: \headheight is too small (12.0pt): 
(fancyhdr)                Make it at least 12.64723pt, for example:
(fancyhdr)                \setlength{\headheight}{12.64723pt}.
(fancyhdr)                You might also make \topmargin smaller:
(fancyhdr)                \addtolength{\topmargin}{-0.64723pt}.

[102]
\openout2 = `chapter/gravity.aux'.

(./chapter/gravity.tex
第六章


[103




]
File: image/6-5-1.png Graphic file (type bmp)
<image/6-5-1.png>

Package fontspec Info: 
(fontspec)             Could not resolve font "SimHei/BI" (it probably doesn't
(fontspec)             exist).


Package fontspec Info: 
(fontspec)             Could not resolve font "SimHei/B" (it probably doesn't
(fontspec)             exist).


Package fontspec Info: 
(fontspec)             Could not resolve font "SimHei/I" (it probably doesn't
(fontspec)             exist).


Package fontspec Info: 
(fontspec)             Font family 'SimHei(0)' created for font 'SimHei' with
(fontspec)             options [Script={CJK}].
(fontspec)              
(fontspec)              This font family consists of the following NFSS
(fontspec)             series/shapes:
(fontspec)              
(fontspec)             - 'normal' (m/n) with NFSS spec.:
(fontspec)             <->"SimHei/OT:script=hani;language=dflt;"




Package fancyhdr Warning: \headheight is too small (12.0pt): 
(fancyhdr)                Make it at least 12.64723pt, for example:
(fancyhdr)                \setlength{\headheight}{12.64723pt}.
(fancyhdr)                You might also make \topmargin smaller:
(fancyhdr)                \addtolength{\topmargin}{-0.64723pt}.

[104]
File: image/6-5-2.png Graphic file (type bmp)
<image/6-5-2.png>



Package fancyhdr Warning: \headheight is too small (12.0pt): 
(fancyhdr)                Make it at least 12.64723pt, for example:
(fancyhdr)                \setlength{\headheight}{12.64723pt}.
(fancyhdr)                You might also make \topmargin smaller:
(fancyhdr)                \addtolength{\topmargin}{-0.64723pt}.

[105]


Package fancyhdr Warning: \headheight is too small (12.0pt): 
(fancyhdr)                Make it at least 12.64723pt, for example:
(fancyhdr)                \setlength{\headheight}{12.64723pt}.
(fancyhdr)                You might also make \topmargin smaller:
(fancyhdr)                \addtolength{\topmargin}{-0.64723pt}.

[106]


Package fancyhdr Warning: \headheight is too small (12.0pt): 
(fancyhdr)                Make it at least 12.64723pt, for example:
(fancyhdr)                \setlength{\headheight}{12.64723pt}.
(fancyhdr)                You might also make \topmargin smaller:
(fancyhdr)                \addtolength{\topmargin}{-0.64723pt}.

[107])


Package fancyhdr Warning: \headheight is too small (12.0pt): 
(fancyhdr)                Make it at least 12.64723pt, for example:
(fancyhdr)                \setlength{\headheight}{12.64723pt}.
(fancyhdr)                You might also make \topmargin smaller:
(fancyhdr)                \addtolength{\topmargin}{-0.64723pt}.

[108]
\openout2 = `chapter/rigidbody.aux'.

(./chapter/rigidbody.tex
第七章
File: image/6-6-1.png Graphic file (type bmp)
<image/6-6-1.png>


[109




]
File: image/6-6-2.png Graphic file (type bmp)
<image/6-6-2.png>



Package fancyhdr Warning: \headheight is too small (12.0pt): 
(fancyhdr)                Make it at least 12.64723pt, for example:
(fancyhdr)                \setlength{\headheight}{12.64723pt}.
(fancyhdr)                You might also make \topmargin smaller:
(fancyhdr)                \addtolength{\topmargin}{-0.64723pt}.

[110]


Package fancyhdr Warning: \headheight is too small (12.0pt): 
(fancyhdr)                Make it at least 12.64723pt, for example:
(fancyhdr)                \setlength{\headheight}{12.64723pt}.
(fancyhdr)                You might also make \topmargin smaller:
(fancyhdr)                \addtolength{\topmargin}{-0.64723pt}.

[111]


Package fancyhdr Warning: \headheight is too small (12.0pt): 
(fancyhdr)                Make it at least 12.64723pt, for example:
(fancyhdr)                \setlength{\headheight}{12.64723pt}.
(fancyhdr)                You might also make \topmargin smaller:
(fancyhdr)                \addtolength{\topmargin}{-0.64723pt}.

[112]


Package fancyhdr Warning: \headheight is too small (12.0pt): 
(fancyhdr)                Make it at least 12.64723pt, for example:
(fancyhdr)                \setlength{\headheight}{12.64723pt}.
(fancyhdr)                You might also make \topmargin smaller:
(fancyhdr)                \addtolength{\topmargin}{-0.64723pt}.

[113])


Package fancyhdr Warning: \headheight is too small (12.0pt): 
(fancyhdr)                Make it at least 12.64723pt, for example:
(fancyhdr)                \setlength{\headheight}{12.64723pt}.
(fancyhdr)                You might also make \topmargin smaller:
(fancyhdr)                \addtolength{\topmargin}{-0.64723pt}.

[114]
\openout2 = `chapter/elasticity.aux'.

(./chapter/elasticity.tex
第八章


[115




]
File: image/6-7-1.png Graphic file (type bmp)
<image/6-7-1.png>
File: image/6-7-2.png Graphic file (type bmp)
<image/6-7-2.png>



Package fancyhdr Warning: \headheight is too small (12.0pt): 
(fancyhdr)                Make it at least 12.64723pt, for example:
(fancyhdr)                \setlength{\headheight}{12.64723pt}.
(fancyhdr)                You might also make \topmargin smaller:
(fancyhdr)                \addtolength{\topmargin}{-0.64723pt}.

[116]


Package fancyhdr Warning: \headheight is too small (12.0pt): 
(fancyhdr)                Make it at least 12.64723pt, for example:
(fancyhdr)                \setlength{\headheight}{12.64723pt}.
(fancyhdr)                You might also make \topmargin smaller:
(fancyhdr)                \addtolength{\topmargin}{-0.64723pt}.

[117]
File: image/6-7-3.png Graphic file (type bmp)
<image/6-7-3.png>



Package fancyhdr Warning: \headheight is too small (12.0pt): 
(fancyhdr)                Make it at least 12.64723pt, for example:
(fancyhdr)                \setlength{\headheight}{12.64723pt}.
(fancyhdr)                You might also make \topmargin smaller:
(fancyhdr)                \addtolength{\topmargin}{-0.64723pt}.

[118]
File: image/6-7-4.png Graphic file (type bmp)
<image/6-7-4.png>



Package fancyhdr Warning: \headheight is too small (12.0pt): 
(fancyhdr)                Make it at least 12.64723pt, for example:
(fancyhdr)                \setlength{\headheight}{12.64723pt}.
(fancyhdr)                You might also make \topmargin smaller:
(fancyhdr)                \addtolength{\topmargin}{-0.64723pt}.

[119]
File: image/6-7-5.png Graphic file (type bmp)
<image/6-7-5.png>



Package fancyhdr Warning: \headheight is too small (12.0pt): 
(fancyhdr)                Make it at least 12.64723pt, for example:
(fancyhdr)                \setlength{\headheight}{12.64723pt}.
(fancyhdr)                You might also make \topmargin smaller:
(fancyhdr)                \addtolength{\topmargin}{-0.64723pt}.

[120]
File: image/6-7-6.png Graphic file (type bmp)
<image/6-7-6.png>



Package fancyhdr Warning: \headheight is too small (12.0pt): 
(fancyhdr)                Make it at least 12.64723pt, for example:
(fancyhdr)                \setlength{\headheight}{12.64723pt}.
(fancyhdr)                You might also make \topmargin smaller:
(fancyhdr)                \addtolength{\topmargin}{-0.64723pt}.

[121]


Package fancyhdr Warning: \headheight is too small (12.0pt): 
(fancyhdr)                Make it at least 12.64723pt, for example:
(fancyhdr)                \setlength{\headheight}{12.64723pt}.
(fancyhdr)                You might also make \topmargin smaller:
(fancyhdr)                \addtolength{\topmargin}{-0.64723pt}.

[122]
Overfull \hbox (6.88208pt too wide) in paragraph at lines 267--268
[]\TU/方正聚珍新仿简体(0)/m/n/10.53937 波 动 方 程 的 求 解 问 题 其 实 是 非 常 简 单 的\T1/lmr/m/n/10.53937 .\TU/方正聚珍新仿简体(0)/m/n/10.53937 它 其 实 是 普 遍 的[]偏 微 分 方 程[]\T1/lmr/m/n/10.53937 (partial dif-fer-en-tial equa-tion,PDE)
 []




Package fancyhdr Warning: \headheight is too small (12.0pt): 
(fancyhdr)                Make it at least 12.64723pt, for example:
(fancyhdr)                \setlength{\headheight}{12.64723pt}.
(fancyhdr)                You might also make \topmargin smaller:
(fancyhdr)                \addtolength{\topmargin}{-0.64723pt}.

[123]


Package fancyhdr Warning: \headheight is too small (12.0pt): 
(fancyhdr)                Make it at least 12.64723pt, for example:
(fancyhdr)                \setlength{\headheight}{12.64723pt}.
(fancyhdr)                You might also make \topmargin smaller:
(fancyhdr)                \addtolength{\topmargin}{-0.64723pt}.

[124]


Package fancyhdr Warning: \headheight is too small (12.0pt): 
(fancyhdr)                Make it at least 12.64723pt, for example:
(fancyhdr)                \setlength{\headheight}{12.64723pt}.
(fancyhdr)                You might also make \topmargin smaller:
(fancyhdr)                \addtolength{\topmargin}{-0.64723pt}.

[125])


Package fancyhdr Warning: \headheight is too small (12.0pt): 
(fancyhdr)                Make it at least 12.64723pt, for example:
(fancyhdr)                \setlength{\headheight}{12.64723pt}.
(fancyhdr)                You might also make \topmargin smaller:
(fancyhdr)                \addtolength{\topmargin}{-0.64723pt}.

[126]
\openout2 = `chapter/fluid.aux'.

(./chapter/fluid.tex
第九章
File: image/6-8-1.png Graphic file (type bmp)
<image/6-8-1.png>

Underfull \hbox (badness 5847) in paragraph at lines 24--25
[][]\TU/方正聚珍新仿简体(0)/m/n/10.53937 用 流 速 场 $[]\OT1/lmr/m/n/10.53937 ([]\OML/lmm/m/it/10.53937 ;  t\OT1/lmr/m/n/10.53937 )$ \TU/方正聚珍新仿简体(0)/m/n/10.53937 来 描 述 流 体 的 方 法 称 作[]欧 拉
 []


Underfull \hbox (badness 2689) in paragraph at lines 24--25
\TU/方正聚珍新仿简体(0)/m/n/10.53937 法[]\T1/lmr/m/n/10.53937 (Euler's method).\TU/方正聚珍新仿简体(0)/m/n/10.53937 而 欧 拉 法 的 抽 象 函 数 也 可 以 可 视
 []


Underfull \hbox (badness 1102) in paragraph at lines 27--28
\TU/方正聚珍新仿简体(0)/m/n/10.53937 成[]流 管[]\T1/lmr/m/n/10.53937 (streamtube) \TU/方正聚珍新仿简体(0)/m/n/10.53937 的 概 念\T1/lmr/m/n/10.53937 .\TU/方正聚珍新仿简体(0)/m/n/10.53937 流 线 与 迹 线 显 然 不 一 定 重
 []



[127




]


Package fancyhdr Warning: \headheight is too small (12.0pt): 
(fancyhdr)                Make it at least 12.64723pt, for example:
(fancyhdr)                \setlength{\headheight}{12.64723pt}.
(fancyhdr)                You might also make \topmargin smaller:
(fancyhdr)                \addtolength{\topmargin}{-0.64723pt}.

[128]


Package fancyhdr Warning: \headheight is too small (12.0pt): 
(fancyhdr)                Make it at least 12.64723pt, for example:
(fancyhdr)                \setlength{\headheight}{12.64723pt}.
(fancyhdr)                You might also make \topmargin smaller:
(fancyhdr)                \addtolength{\topmargin}{-0.64723pt}.

[129]
File: image/6-8-2.png Graphic file (type bmp)
<image/6-8-2.png>



Package fancyhdr Warning: \headheight is too small (12.0pt): 
(fancyhdr)                Make it at least 12.64723pt, for example:
(fancyhdr)                \setlength{\headheight}{12.64723pt}.
(fancyhdr)                You might also make \topmargin smaller:
(fancyhdr)                \addtolength{\topmargin}{-0.64723pt}.

[130]
File: image/6-8-3.png Graphic file (type bmp)
<image/6-8-3.png>



Package fancyhdr Warning: \headheight is too small (12.0pt): 
(fancyhdr)                Make it at least 12.64723pt, for example:
(fancyhdr)                \setlength{\headheight}{12.64723pt}.
(fancyhdr)                You might also make \topmargin smaller:
(fancyhdr)                \addtolength{\topmargin}{-0.64723pt}.

[131])


Package fancyhdr Warning: \headheight is too small (12.0pt): 
(fancyhdr)                Make it at least 12.64723pt, for example:
(fancyhdr)                \setlength{\headheight}{12.64723pt}.
(fancyhdr)                You might also make \topmargin smaller:
(fancyhdr)                \addtolength{\topmargin}{-0.64723pt}.

[132]
\openout2 = `chapter/relativity.aux'.

(./chapter/relativity.tex
第十章


[133




]


Package fancyhdr Warning: \headheight is too small (12.0pt): 
(fancyhdr)                Make it at least 12.64723pt, for example:
(fancyhdr)                \setlength{\headheight}{12.64723pt}.
(fancyhdr)                You might also make \topmargin smaller:
(fancyhdr)                \addtolength{\topmargin}{-0.64723pt}.

[134]


Package fancyhdr Warning: \headheight is too small (12.0pt): 
(fancyhdr)                Make it at least 12.64723pt, for example:
(fancyhdr)                \setlength{\headheight}{12.64723pt}.
(fancyhdr)                You might also make \topmargin smaller:
(fancyhdr)                \addtolength{\topmargin}{-0.64723pt}.

[135]


Package fancyhdr Warning: \headheight is too small (12.0pt): 
(fancyhdr)                Make it at least 12.64723pt, for example:
(fancyhdr)                \setlength{\headheight}{12.64723pt}.
(fancyhdr)                You might also make \topmargin smaller:
(fancyhdr)                \addtolength{\topmargin}{-0.64723pt}.

[136])


Package fancyhdr Warning: \headheight is too small (12.0pt): 
(fancyhdr)                Make it at least 12.64723pt, for example:
(fancyhdr)                \setlength{\headheight}{12.64723pt}.
(fancyhdr)                You might also make \topmargin smaller:
(fancyhdr)                \addtolength{\topmargin}{-0.64723pt}.

[137]
\openout2 = `chapter/thermoI.aux'.

(./chapter/thermoI.tex


Package fancyhdr Warning: \headheight is too small (12.0pt): 
(fancyhdr)                Make it at least 12.64723pt, for example:
(fancyhdr)                \setlength{\headheight}{12.64723pt}.
(fancyhdr)                You might also make \topmargin smaller:
(fancyhdr)                \addtolength{\topmargin}{-0.64723pt}.

[138




]
第十一章

Underfull \hbox (badness 1194) in paragraph at lines 6--6
[][][]\TU/方正聚珍新仿简体(0)/m/n/7.52812 注 意\T1/lmr/m/n/7.52812 ,\TU/方正聚珍新仿简体(0)/m/n/7.52812 一 是 从 微 观 上 看\T1/lmr/m/n/7.52812 ,\TU/方正聚珍新仿简体(0)/m/n/7.52812 组 成 系 统 的 微 观 粒 子 仍 然 处 于 无 休 无 止 的 运 动 中\T1/lmr/m/n/7.52812 ,\TU/方正聚珍新仿简体(0)/m/n/7.52812 其 微 观 坐 标 与 速 度 在 发 生 几 急 剧 的 变 化\T1/lmr/m/n/7.52812 ,\TU/方正聚珍新仿简体(0)/m/n/7.52812 但 平 衡 态 只 对 宏 观 性 质 定
 []


LaTeX Font Warning: Font shape `TU/FZYouHeiS(0)/b/n' undefined
(Font)              using `TU/FZYouHeiS(0)/m/n' instead on input line 8.


Overfull \hbox (0.64665pt too wide) in paragraph at lines 28--29
[]\TU/方正聚珍新仿简体(0)/m/n/10.53937 一 是 热 力 学 第 零 定 律 定 义 了 温 度\T1/lmr/m/n/10.53937 ,\TU/方正聚珍新仿简体(0)/m/n/10.53937 但 它 没 有 量 化 一 个[]温 标[]\T1/lmr/m/n/10.53937 (temperature scale).\TU/方正聚珍新仿简体(0)/m/n/10.53937 如 何 量 化 一 个 温 标 呢\T1/lmr/m/n/10.53937 ?\TU/方正聚珍新仿简体(0)/m/n/10.53937 从
 []



[139]


Package fancyhdr Warning: \headheight is too small (12.0pt): 
(fancyhdr)                Make it at least 12.64723pt, for example:
(fancyhdr)                \setlength{\headheight}{12.64723pt}.
(fancyhdr)                You might also make \topmargin smaller:
(fancyhdr)                \addtolength{\topmargin}{-0.64723pt}.

[140]
Overfull \hbox (3.77332pt too wide) in paragraph at lines 74--75
[]\TU/方正聚珍新仿简体(0)/m/n/10.53937 这 里 指 以 上 运 动 的 动 能\T1/lmr/m/n/10.53937 ,\TU/方正聚珍新仿简体(0)/m/n/10.53937 势 能 全 部 去 除 后\T1/lmr/m/n/10.53937 ,\TU/方正聚珍新仿简体(0)/m/n/10.53937 由 于 更 加 深 层 次 内 部 相 对 运 动 造 成 的 静 能 量\T1/lmr/m/n/10.53937 ,\TU/方正聚珍新仿简体(0)/m/n/10.53937 如 核 能\T1/lmr/m/n/10.53937 ,\TU/方正聚珍新仿简体(0)/m/n/10.53937 基
 []




Package fancyhdr Warning: \headheight is too small (12.0pt): 
(fancyhdr)                Make it at least 12.64723pt, for example:
(fancyhdr)                \setlength{\headheight}{12.64723pt}.
(fancyhdr)                You might also make \topmargin smaller:
(fancyhdr)                \addtolength{\topmargin}{-0.64723pt}.

[141]
File: image/5-1-1.png Graphic file (type bmp)
<image/5-1-1.png>



Package fancyhdr Warning: \headheight is too small (12.0pt): 
(fancyhdr)                Make it at least 12.64723pt, for example:
(fancyhdr)                \setlength{\headheight}{12.64723pt}.
(fancyhdr)                You might also make \topmargin smaller:
(fancyhdr)                \addtolength{\topmargin}{-0.64723pt}.

[142]
File: image/5-1-2.png Graphic file (type bmp)
<image/5-1-2.png>
File: image/5-1-3.png Graphic file (type bmp)
<image/5-1-3.png>



Package fancyhdr Warning: \headheight is too small (12.0pt): 
(fancyhdr)                Make it at least 12.64723pt, for example:
(fancyhdr)                \setlength{\headheight}{12.64723pt}.
(fancyhdr)                You might also make \topmargin smaller:
(fancyhdr)                \addtolength{\topmargin}{-0.64723pt}.

[143]
Overfull \hbox (3.57408pt too wide) in paragraph at lines 160--161
[]\TU/方正聚珍新仿简体(0)/m/n/10.53937 我 们 讨 论 一 下 这 三 个 条 件\T1/lmr/m/n/10.53937 .\TU/方正聚珍新仿简体(0)/m/n/10.53937 首 先 第 一 个 条 件 的 意 思\T1/lmr/m/n/10.53937 ,\TU/方正聚珍新仿简体(0)/m/n/10.53937 旨 在 把 理 想 气 体 间 的 作 用 力 当 成[]短 程 力[]\T1/lmr/m/n/10.53937 (short-range
 []

File: image/5-1-4.png Graphic file (type bmp)
<image/5-1-4.png>



Package fancyhdr Warning: \headheight is too small (12.0pt): 
(fancyhdr)                Make it at least 12.64723pt, for example:
(fancyhdr)                \setlength{\headheight}{12.64723pt}.
(fancyhdr)                You might also make \topmargin smaller:
(fancyhdr)                \addtolength{\topmargin}{-0.64723pt}.

[144]
File: image/5-1-5.png Graphic file (type bmp)
<image/5-1-5.png>



Package fancyhdr Warning: \headheight is too small (12.0pt): 
(fancyhdr)                Make it at least 12.64723pt, for example:
(fancyhdr)                \setlength{\headheight}{12.64723pt}.
(fancyhdr)                You might also make \topmargin smaller:
(fancyhdr)                \addtolength{\topmargin}{-0.64723pt}.

[145]
Underfull \hbox (badness 1642) in paragraph at lines 223--224
[][]\TU/方正聚珍新仿简体(0)/m/n/10.53937 我 们 接 下 来 考 虑 气 体 的 压 强\T1/lmr/m/n/10.53937 .\TU/方正聚珍新仿简体(0)/m/n/10.53937 在 这 之 前 我 们 了 解 两 个 概
 []


Underfull \hbox (badness 1253) in paragraph at lines 223--224
\TU/方正聚珍新仿简体(0)/m/n/10.53937 念 是 十 分 有 帮 助 的\T1/lmr/m/n/10.53937 :\TU/方正聚珍新仿简体(0)/m/n/10.53937 处 于 平 衡 态 的 系 统 可 以 看 成 互 相 达 到 平
 []


Underfull \hbox (badness 1728) in paragraph at lines 223--224
\TU/方正聚珍新仿简体(0)/m/n/10.53937 度 量[]\T1/lmr/m/n/10.53937 (intensive prop-erty) \TU/方正聚珍新仿简体(0)/m/n/10.53937 都 是 完 全 一 致 的\T1/lmr/m/n/10.53937 ,\TU/方正聚珍新仿简体(0)/m/n/10.53937 如 理 想 气 体 的 压
 []


Underfull \hbox (badness 10000) in paragraph at lines 223--224

 []


Underfull \hbox (badness 10000) in paragraph at lines 225--226

 []


Underfull \hbox (badness 10000) in paragraph at lines 227--228

 []




Package fancyhdr Warning: \headheight is too small (12.0pt): 
(fancyhdr)                Make it at least 12.64723pt, for example:
(fancyhdr)                \setlength{\headheight}{12.64723pt}.
(fancyhdr)                You might also make \topmargin smaller:
(fancyhdr)                \addtolength{\topmargin}{-0.64723pt}.

[146]
File: image/5-1-6.png Graphic file (type bmp)
<image/5-1-6.png>



Package fancyhdr Warning: \headheight is too small (12.0pt): 
(fancyhdr)                Make it at least 12.64723pt, for example:
(fancyhdr)                \setlength{\headheight}{12.64723pt}.
(fancyhdr)                You might also make \topmargin smaller:
(fancyhdr)                \addtolength{\topmargin}{-0.64723pt}.

[147]
Overfull \hbox (0.5988pt too wide) in paragraph at lines 304--305
[]\TU/方正聚珍新仿简体(0)/m/n/10.53937 热 容 按 同 样 的 方 法 定 义\T1/lmr/m/n/10.53937 ,\TU/方正聚珍新仿简体(0)/m/n/10.53937 分 别 称 为 等 体 热 容 和 等 压 热 容[][][][][]\T1/lmr/m/n/10.53937 .\TU/方正聚珍新仿简体(0)/m/n/10.53937 而[]热 膨 胀 系 数[]\T1/lmr/m/n/10.53937 (thermal ex-pan-sion co-ef-fi-cient)
 []




Package fancyhdr Warning: \headheight is too small (12.0pt): 
(fancyhdr)                Make it at least 12.64723pt, for example:
(fancyhdr)                \setlength{\headheight}{12.64723pt}.
(fancyhdr)                You might also make \topmargin smaller:
(fancyhdr)                \addtolength{\topmargin}{-0.64723pt}.

[148]
File: image/5-1-7.png Graphic file (type bmp)
<image/5-1-7.png>



Package fancyhdr Warning: \headheight is too small (12.0pt): 
(fancyhdr)                Make it at least 12.64723pt, for example:
(fancyhdr)                \setlength{\headheight}{12.64723pt}.
(fancyhdr)                You might also make \topmargin smaller:
(fancyhdr)                \addtolength{\topmargin}{-0.64723pt}.

[149]
File: image/5-1-8.png Graphic file (type bmp)
<image/5-1-8.png>



Package fancyhdr Warning: \headheight is too small (12.0pt): 
(fancyhdr)                Make it at least 12.64723pt, for example:
(fancyhdr)                \setlength{\headheight}{12.64723pt}.
(fancyhdr)                You might also make \topmargin smaller:
(fancyhdr)                \addtolength{\topmargin}{-0.64723pt}.

[150]
File: image/5-1-9.png Graphic file (type bmp)
<image/5-1-9.png>



Package fancyhdr Warning: \headheight is too small (12.0pt): 
(fancyhdr)                Make it at least 12.64723pt, for example:
(fancyhdr)                \setlength{\headheight}{12.64723pt}.
(fancyhdr)                You might also make \topmargin smaller:
(fancyhdr)                \addtolength{\topmargin}{-0.64723pt}.

[151]

Package hyperref Warning: Token not allowed in a PDF string (Unicode):
(hyperref)                removing `\@ifnextchar' on input line 418.


Package hyperref Warning: Token not allowed in a PDF string (Unicode):
(hyperref)                removing `\leavevmode@ifvmode' on input line 418.


Package hyperref Warning: Token not allowed in a PDF string (Unicode):
(hyperref)                \kern 1.75693pt
(hyperref)                removed on input line 418.

File: image/5-1-10.png Graphic file (type bmp)
<image/5-1-10.png>



Package fancyhdr Warning: \headheight is too small (12.0pt): 
(fancyhdr)                Make it at least 12.64723pt, for example:
(fancyhdr)                \setlength{\headheight}{12.64723pt}.
(fancyhdr)                You might also make \topmargin smaller:
(fancyhdr)                \addtolength{\topmargin}{-0.64723pt}.

[152]

Package hyperref Warning: Token not allowed in a PDF string (Unicode):
(hyperref)                removing `\@ifnextchar' on input line 461.


Package hyperref Warning: Token not allowed in a PDF string (Unicode):
(hyperref)                removing `\leavevmode@ifvmode' on input line 461.


Package hyperref Warning: Token not allowed in a PDF string (Unicode):
(hyperref)                \kern 1.75693pt
(hyperref)                removed on input line 461.


Overfull \hbox (20.52463pt too wide) in paragraph at lines 462--463
[]\TU/方正聚珍新仿简体(0)/m/n/10.53937 我 们 把 流 体 力 学 里 讨 论 的[]伯 努 利 方 程[]\T1/lmr/m/n/10.53937 (Bernoulli Equa-tion) \TU/方正聚珍新仿简体(0)/m/n/10.53937 推 广 到 热 力 学 中\T1/lmr/m/n/10.53937 .\TU/方正聚珍新仿简体(0)/m/n/10.53937 它 适 用 条 件 为[]定 常 流 动[]\T1/lmr/m/n/10.53937 (steady
 []

File: image/5-1-11.png Graphic file (type bmp)
<image/5-1-11.png>



Package fancyhdr Warning: \headheight is too small (12.0pt): 
(fancyhdr)                Make it at least 12.64723pt, for example:
(fancyhdr)                \setlength{\headheight}{12.64723pt}.
(fancyhdr)                You might also make \topmargin smaller:
(fancyhdr)                \addtolength{\topmargin}{-0.64723pt}.

[153]

Package hyperref Warning: Token not allowed in a PDF string (Unicode):
(hyperref)                removing `\@ifnextchar' on input line 498.


Package hyperref Warning: Token not allowed in a PDF string (Unicode):
(hyperref)                removing `\leavevmode@ifvmode' on input line 498.


Package hyperref Warning: Token not allowed in a PDF string (Unicode):
(hyperref)                \kern 1.75693pt
(hyperref)                removed on input line 498.

File: image/5-1-12.png Graphic file (type bmp)
<image/5-1-12.png>



Package fancyhdr Warning: \headheight is too small (12.0pt): 
(fancyhdr)                Make it at least 12.64723pt, for example:
(fancyhdr)                \setlength{\headheight}{12.64723pt}.
(fancyhdr)                You might also make \topmargin smaller:
(fancyhdr)                \addtolength{\topmargin}{-0.64723pt}.

[154])


Package fancyhdr Warning: \headheight is too small (12.0pt): 
(fancyhdr)                Make it at least 12.64723pt, for example:
(fancyhdr)                \setlength{\headheight}{12.64723pt}.
(fancyhdr)                You might also make \topmargin smaller:
(fancyhdr)                \addtolength{\topmargin}{-0.64723pt}.

[155]
\openout2 = `chapter/thermoII.aux'.

(./chapter/thermoII.tex


Package fancyhdr Warning: \headheight is too small (12.0pt): 
(fancyhdr)                Make it at least 12.64723pt, for example:
(fancyhdr)                \setlength{\headheight}{12.64723pt}.
(fancyhdr)                You might also make \topmargin smaller:
(fancyhdr)                \addtolength{\topmargin}{-0.64723pt}.

[156




]
第十二章
File: image/5-2-1.png Graphic file (type bmp)
<image/5-2-1.png>
File: image/5-2-2.jpg Graphic file (type bmp)
<image/5-2-2.jpg>


[157]


Package fancyhdr Warning: \headheight is too small (12.0pt): 
(fancyhdr)                Make it at least 12.64723pt, for example:
(fancyhdr)                \setlength{\headheight}{12.64723pt}.
(fancyhdr)                You might also make \topmargin smaller:
(fancyhdr)                \addtolength{\topmargin}{-0.64723pt}.

[158]
File: image/5-2-3.png Graphic file (type bmp)
<image/5-2-3.png>
File: image/5-2-4.png Graphic file (type bmp)
<image/5-2-4.png>
File: image/5-2-5.png Graphic file (type bmp)
<image/5-2-5.png>

Overfull \hbox (1.06439pt too wide) in paragraph at lines 52--53
[]\TU/方正聚珍新仿简体(0)/m/n/10.53937 而 对 于 热 泵 的[]性 能 系 数[]\T1/lmr/m/n/10.53937 (coefficient of per-for-mance),\TU/方正聚珍新仿简体(0)/m/n/10.53937 需
 []




Package fancyhdr Warning: \headheight is too small (12.0pt): 
(fancyhdr)                Make it at least 12.64723pt, for example:
(fancyhdr)                \setlength{\headheight}{12.64723pt}.
(fancyhdr)                You might also make \topmargin smaller:
(fancyhdr)                \addtolength{\topmargin}{-0.64723pt}.

[159]
File: image/5-2-6.png Graphic file (type bmp)
<image/5-2-6.png>
File: image/5-2-7.png Graphic file (type bmp)
<image/5-2-7.png>



Package fancyhdr Warning: \headheight is too small (12.0pt): 
(fancyhdr)                Make it at least 12.64723pt, for example:
(fancyhdr)                \setlength{\headheight}{12.64723pt}.
(fancyhdr)                You might also make \topmargin smaller:
(fancyhdr)                \addtolength{\topmargin}{-0.64723pt}.

[160]
File: image/5-2-8.png Graphic file (type bmp)
<image/5-2-8.png>

Underfull \hbox (badness 1968) in paragraph at lines 112--117
\TU/方正聚珍新仿简体(0)/m/n/10.53937 料 能 够 燃 烧\T1/lmr/m/n/10.53937 ,\TU/方正聚珍新仿简体(0)/m/n/10.53937 而 缓 慢 注 入 燃 料 以 使 得 燃 烧 充 分\T1/lmr/m/n/10.53937 .\TU/方正聚珍新仿简体(0)/m/n/10.53937 这 样\T1/lmr/m/n/10.53937 ,\TU/方正聚珍新仿简体(0)/m/n/10.53937 典 型 的 迪 塞 尔 循 环 可 以 认 为 是 这 样 四 个 过 程\T1/lmr/m/n/10.53937 :
 []

File: image/5-2-9.png Graphic file (type bmp)
<image/5-2-9.png>



Package fancyhdr Warning: \headheight is too small (12.0pt): 
(fancyhdr)                Make it at least 12.64723pt, for example:
(fancyhdr)                \setlength{\headheight}{12.64723pt}.
(fancyhdr)                You might also make \topmargin smaller:
(fancyhdr)                \addtolength{\topmargin}{-0.64723pt}.

[161]
File: image/5-2-10.png Graphic file (type bmp)
<image/5-2-10.png>

Underfull \hbox (badness 10000) in paragraph at lines 158--164
\TU/方正聚珍新仿简体(0)/m/n/10.53937 关\T1/lmr/m/n/10.53937 .\TU/方正聚珍新仿简体(0)/m/n/10.53937 对 于 理 想 气 体\T1/lmr/m/n/10.53937 ,\TU/方正聚珍新仿简体(0)/m/n/10.53937 卡 诺 循 环 意 味 着 其 吸 放 热 都 发 生 在 与 两 个 恒 温 热 源 做 等 温 接 触 的 过 程 中\T1/lmr/m/n/10.53937 .
 []

File: image/5-2-11.png Graphic file (type bmp)
<image/5-2-11.png>



Package fancyhdr Warning: \headheight is too small (12.0pt): 
(fancyhdr)                Make it at least 12.64723pt, for example:
(fancyhdr)                \setlength{\headheight}{12.64723pt}.
(fancyhdr)                You might also make \topmargin smaller:
(fancyhdr)                \addtolength{\topmargin}{-0.64723pt}.

[162]
File: image/5-2-12.png Graphic file (type bmp)
<image/5-2-12.png>



Package fancyhdr Warning: \headheight is too small (12.0pt): 
(fancyhdr)                Make it at least 12.64723pt, for example:
(fancyhdr)                \setlength{\headheight}{12.64723pt}.
(fancyhdr)                You might also make \topmargin smaller:
(fancyhdr)                \addtolength{\topmargin}{-0.64723pt}.

[163]
File: image/5-2-13.png Graphic file (type bmp)
<image/5-2-13.png>



Package fancyhdr Warning: \headheight is too small (12.0pt): 
(fancyhdr)                Make it at least 12.64723pt, for example:
(fancyhdr)                \setlength{\headheight}{12.64723pt}.
(fancyhdr)                You might also make \topmargin smaller:
(fancyhdr)                \addtolength{\topmargin}{-0.64723pt}.

[164]
File: image/5-2-14.png Graphic file (type bmp)
<image/5-2-14.png>



Package fancyhdr Warning: \headheight is too small (12.0pt): 
(fancyhdr)                Make it at least 12.64723pt, for example:
(fancyhdr)                \setlength{\headheight}{12.64723pt}.
(fancyhdr)                You might also make \topmargin smaller:
(fancyhdr)                \addtolength{\topmargin}{-0.64723pt}.

[165]


Package fancyhdr Warning: \headheight is too small (12.0pt): 
(fancyhdr)                Make it at least 12.64723pt, for example:
(fancyhdr)                \setlength{\headheight}{12.64723pt}.
(fancyhdr)                You might also make \topmargin smaller:
(fancyhdr)                \addtolength{\topmargin}{-0.64723pt}.

[166]


Package fancyhdr Warning: \headheight is too small (12.0pt): 
(fancyhdr)                Make it at least 12.64723pt, for example:
(fancyhdr)                \setlength{\headheight}{12.64723pt}.
(fancyhdr)                You might also make \topmargin smaller:
(fancyhdr)                \addtolength{\topmargin}{-0.64723pt}.

[167]
File: image/5-2-15.png Graphic file (type bmp)
<image/5-2-15.png>
File: image/5-2-16.png Graphic file (type bmp)
<image/5-2-16.png>



Package fancyhdr Warning: \headheight is too small (12.0pt): 
(fancyhdr)                Make it at least 12.64723pt, for example:
(fancyhdr)                \setlength{\headheight}{12.64723pt}.
(fancyhdr)                You might also make \topmargin smaller:
(fancyhdr)                \addtolength{\topmargin}{-0.64723pt}.

[168]
Underfull \hbox (badness 1509) in paragraph at lines 392--393
[][]\TU/方正聚珍新仿简体(0)/m/n/10.53937 熵 是 广 延 量\T1/lmr/m/n/10.53937 ,\TU/方正聚珍新仿简体(0)/m/n/10.53937 混 合 理 想 气 体 的 熵 满 足[]吉 布 斯 定 理[]\T1/lmr/m/n/10.53937 (Gibbs' the-o-
 []




Package fancyhdr Warning: \headheight is too small (12.0pt): 
(fancyhdr)                Make it at least 12.64723pt, for example:
(fancyhdr)                \setlength{\headheight}{12.64723pt}.
(fancyhdr)                You might also make \topmargin smaller:
(fancyhdr)                \addtolength{\topmargin}{-0.64723pt}.

[169]
Missing character: There is no 在 ("5728) in font ec-lmr10!



Package fancyhdr Warning: \headheight is too small (12.0pt): 
(fancyhdr)                Make it at least 12.64723pt, for example:
(fancyhdr)                \setlength{\headheight}{12.64723pt}.
(fancyhdr)                You might also make \topmargin smaller:
(fancyhdr)                \addtolength{\topmargin}{-0.64723pt}.

[170]
File: image/5-2-17.png Graphic file (type bmp)
<image/5-2-17.png>



Package fancyhdr Warning: \headheight is too small (12.0pt): 
(fancyhdr)                Make it at least 12.64723pt, for example:
(fancyhdr)                \setlength{\headheight}{12.64723pt}.
(fancyhdr)                You might also make \topmargin smaller:
(fancyhdr)                \addtolength{\topmargin}{-0.64723pt}.

[171]
File: image/5-2-18.png Graphic file (type bmp)
<image/5-2-18.png>



Package fancyhdr Warning: \headheight is too small (12.0pt): 
(fancyhdr)                Make it at least 12.64723pt, for example:
(fancyhdr)                \setlength{\headheight}{12.64723pt}.
(fancyhdr)                You might also make \topmargin smaller:
(fancyhdr)                \addtolength{\topmargin}{-0.64723pt}.

[172]


Package fancyhdr Warning: \headheight is too small (12.0pt): 
(fancyhdr)                Make it at least 12.64723pt, for example:
(fancyhdr)                \setlength{\headheight}{12.64723pt}.
(fancyhdr)                You might also make \topmargin smaller:
(fancyhdr)                \addtolength{\topmargin}{-0.64723pt}.

[173]
File: image/5-2-19.png Graphic file (type bmp)
<image/5-2-19.png>



Package fancyhdr Warning: \headheight is too small (12.0pt): 
(fancyhdr)                Make it at least 12.64723pt, for example:
(fancyhdr)                \setlength{\headheight}{12.64723pt}.
(fancyhdr)                You might also make \topmargin smaller:
(fancyhdr)                \addtolength{\topmargin}{-0.64723pt}.

[174]


Package fancyhdr Warning: \headheight is too small (12.0pt): 
(fancyhdr)                Make it at least 12.64723pt, for example:
(fancyhdr)                \setlength{\headheight}{12.64723pt}.
(fancyhdr)                You might also make \topmargin smaller:
(fancyhdr)                \addtolength{\topmargin}{-0.64723pt}.

[175]


Package fancyhdr Warning: \headheight is too small (12.0pt): 
(fancyhdr)                Make it at least 12.64723pt, for example:
(fancyhdr)                \setlength{\headheight}{12.64723pt}.
(fancyhdr)                You might also make \topmargin smaller:
(fancyhdr)                \addtolength{\topmargin}{-0.64723pt}.

[176]


Package fancyhdr Warning: \headheight is too small (12.0pt): 
(fancyhdr)                Make it at least 12.64723pt, for example:
(fancyhdr)                \setlength{\headheight}{12.64723pt}.
(fancyhdr)                You might also make \topmargin smaller:
(fancyhdr)                \addtolength{\topmargin}{-0.64723pt}.

[177]
File: image/5-2-20.png Graphic file (type bmp)
<image/5-2-20.png>



Package fancyhdr Warning: \headheight is too small (12.0pt): 
(fancyhdr)                Make it at least 12.64723pt, for example:
(fancyhdr)                \setlength{\headheight}{12.64723pt}.
(fancyhdr)                You might also make \topmargin smaller:
(fancyhdr)                \addtolength{\topmargin}{-0.64723pt}.

[178]
LaTeX Font Info:    Trying to load font information for U+eus on input line 742.
(c:/texlive/2025/texmf-dist/tex/latex/amsfonts/ueus.fd
File: ueus.fd 2013/01/14 v3.01 Euler Script
)


Package fancyhdr Warning: \headheight is too small (12.0pt): 
(fancyhdr)                Make it at least 12.64723pt, for example:
(fancyhdr)                \setlength{\headheight}{12.64723pt}.
(fancyhdr)                You might also make \topmargin smaller:
(fancyhdr)                \addtolength{\topmargin}{-0.64723pt}.

[179]
Overfull \hbox (16.55255pt too wide) in paragraph at lines 747--748
\TU/方正聚珍新仿简体(0)/m/n/10.53937 电 荷\T1/lmr/m/n/10.53937 ,\TU/方正聚珍新仿简体(0)/m/n/10.53937 如 $\OML/mdbch/m/n/10.53937 n$ \TU/方正聚珍新仿简体(0)/m/n/10.53937 型 半 导 体\T1/lmr/m/n/10.53937 ,\TU/方正聚珍新仿简体(0)/m/n/10.53937 相 反 的 系 数 就 为 负\T1/lmr/m/n/10.53937 .\TU/方正聚珍新仿简体(0)/m/n/10.53937 金 属 的 塞 贝 克 系 数 就 都 是 负 的\T1/lmr/m/n/10.53937 .\TU/方正聚珍新仿简体(0)/m/n/10.53937 由 此 现 象 制 作 的[]热 电 偶[]\T1/lmr/m/n/10.53937 (thermocouple)
 []

File: image/5-2-21.png Graphic file (type bmp)
<image/5-2-21.png>



Package fancyhdr Warning: \headheight is too small (12.0pt): 
(fancyhdr)                Make it at least 12.64723pt, for example:
(fancyhdr)                \setlength{\headheight}{12.64723pt}.
(fancyhdr)                You might also make \topmargin smaller:
(fancyhdr)                \addtolength{\topmargin}{-0.64723pt}.

[180]


Package fancyhdr Warning: \headheight is too small (12.0pt): 
(fancyhdr)                Make it at least 12.64723pt, for example:
(fancyhdr)                \setlength{\headheight}{12.64723pt}.
(fancyhdr)                You might also make \topmargin smaller:
(fancyhdr)                \addtolength{\topmargin}{-0.64723pt}.

[181]


Package fancyhdr Warning: \headheight is too small (12.0pt): 
(fancyhdr)                Make it at least 12.64723pt, for example:
(fancyhdr)                \setlength{\headheight}{12.64723pt}.
(fancyhdr)                You might also make \topmargin smaller:
(fancyhdr)                \addtolength{\topmargin}{-0.64723pt}.

[182])


Package fancyhdr Warning: \headheight is too small (12.0pt): 
(fancyhdr)                Make it at least 12.64723pt, for example:
(fancyhdr)                \setlength{\headheight}{12.64723pt}.
(fancyhdr)                You might also make \topmargin smaller:
(fancyhdr)                \addtolength{\topmargin}{-0.64723pt}.

[183]
\openout2 = `chapter/maxwell.aux'.

(./chapter/maxwell.tex


Package fancyhdr Warning: \headheight is too small (12.0pt): 
(fancyhdr)                Make it at least 12.64723pt, for example:
(fancyhdr)                \setlength{\headheight}{12.64723pt}.
(fancyhdr)                You might also make \topmargin smaller:
(fancyhdr)                \addtolength{\topmargin}{-0.64723pt}.

[184




]
第十三章

Package fontspec Info: 
(fontspec)             Could not resolve font "FangSong/BI" (it probably
(fontspec)             doesn't exist).


Package fontspec Info: 
(fontspec)             Could not resolve font "FangSong/B" (it probably
(fontspec)             doesn't exist).


Package fontspec Info: 
(fontspec)             Could not resolve font "FangSong/I" (it probably
(fontspec)             doesn't exist).

LaTeX Font Info:    Trying to load font information for T1+lmtt on input line 22.
(c:/texlive/2025/texmf-dist/tex/latex/lm/t1lmtt.fd
File: t1lmtt.fd 2015/05/01 v1.6.1 Font defs for Latin Modern
)

Package fontspec Info: 
(fontspec)             Font family 'FangSong(0)' created for font 'FangSong'
(fontspec)             with options [Script={CJK}].
(fontspec)              
(fontspec)              This font family consists of the following NFSS
(fontspec)             series/shapes:
(fontspec)              
(fontspec)             - 'normal' (m/n) with NFSS spec.:
(fontspec)             <->"FangSong/OT:script=hani;language=dflt;"



[185]


Package fancyhdr Warning: \headheight is too small (12.0pt): 
(fancyhdr)                Make it at least 12.64723pt, for example:
(fancyhdr)                \setlength{\headheight}{12.64723pt}.
(fancyhdr)                You might also make \topmargin smaller:
(fancyhdr)                \addtolength{\topmargin}{-0.64723pt}.

[186]
Overfull \hbox (20.46727pt too wide) in paragraph at lines 90--91
[]\TU/方正聚珍新仿简体(0)/m/n/10.53937 如 何 理 解 这 一 点\T1/lmr/m/n/10.53937 ?\TU/方正聚珍新仿简体(0)/m/n/10.53937 我 们 再 定 义 另 一 个 随 机 变 量 的 数 字 特 征\T1/lmr/m/n/10.53937 :[]\TU/方正聚珍新仿简体(0)/m/n/10.53937 方 差[]\T1/lmr/m/n/10.53937 (variance),\TU/方正聚珍新仿简体(0)/m/n/10.53937 物 理 上 称 为[]涨 落[]\T1/lmr/m/n/10.53937 (fluctuation),\TU/方正聚珍新仿简体(0)/m/n/10.53937 数
 []




Package fancyhdr Warning: \headheight is too small (12.0pt): 
(fancyhdr)                Make it at least 12.64723pt, for example:
(fancyhdr)                \setlength{\headheight}{12.64723pt}.
(fancyhdr)                You might also make \topmargin smaller:
(fancyhdr)                \addtolength{\topmargin}{-0.64723pt}.

[187]


Package fancyhdr Warning: \headheight is too small (12.0pt): 
(fancyhdr)                Make it at least 12.64723pt, for example:
(fancyhdr)                \setlength{\headheight}{12.64723pt}.
(fancyhdr)                You might also make \topmargin smaller:
(fancyhdr)                \addtolength{\topmargin}{-0.64723pt}.

[188]


Package fancyhdr Warning: \headheight is too small (12.0pt): 
(fancyhdr)                Make it at least 12.64723pt, for example:
(fancyhdr)                \setlength{\headheight}{12.64723pt}.
(fancyhdr)                You might also make \topmargin smaller:
(fancyhdr)                \addtolength{\topmargin}{-0.64723pt}.

[189]


Package fancyhdr Warning: \headheight is too small (12.0pt): 
(fancyhdr)                Make it at least 12.64723pt, for example:
(fancyhdr)                \setlength{\headheight}{12.64723pt}.
(fancyhdr)                You might also make \topmargin smaller:
(fancyhdr)                \addtolength{\topmargin}{-0.64723pt}.

[190]
Overfull \hbox (10.03325pt too wide) in paragraph at lines 227--228
\TU/方正聚珍新仿简体(0)/m/n/10.53937 系[]\T1/lmr/m/n/10.53937 (subsystem), \TU/方正聚珍新仿简体(0)/m/n/10.53937 而 它 们 之 间 称 作[]近 独 立[]\T1/lmr/m/n/10.53937 (nearly in-de-pent) \TU/方正聚珍新仿简体(0)/m/n/10.53937 的\T1/lmr/m/n/10.53937 . \TU/方正聚珍新仿简体(0)/m/n/10.53937 对 于 近 独 立 子 系\T1/lmr/m/n/10.53937 , \TU/方正聚珍新仿简体(0)/m/n/10.53937 引 入[]玻 尔 兹 曼 系 综[]\T1/lmr/m/n/10.53937 (Boltzmann
 []




Package fancyhdr Warning: \headheight is too small (12.0pt): 
(fancyhdr)                Make it at least 12.64723pt, for example:
(fancyhdr)                \setlength{\headheight}{12.64723pt}.
(fancyhdr)                You might also make \topmargin smaller:
(fancyhdr)                \addtolength{\topmargin}{-0.64723pt}.

[191]


Package fancyhdr Warning: \headheight is too small (12.0pt): 
(fancyhdr)                Make it at least 12.64723pt, for example:
(fancyhdr)                \setlength{\headheight}{12.64723pt}.
(fancyhdr)                You might also make \topmargin smaller:
(fancyhdr)                \addtolength{\topmargin}{-0.64723pt}.

[192]


Package fancyhdr Warning: \headheight is too small (12.0pt): 
(fancyhdr)                Make it at least 12.64723pt, for example:
(fancyhdr)                \setlength{\headheight}{12.64723pt}.
(fancyhdr)                You might also make \topmargin smaller:
(fancyhdr)                \addtolength{\topmargin}{-0.64723pt}.

[193]


Package fancyhdr Warning: \headheight is too small (12.0pt): 
(fancyhdr)                Make it at least 12.64723pt, for example:
(fancyhdr)                \setlength{\headheight}{12.64723pt}.
(fancyhdr)                You might also make \topmargin smaller:
(fancyhdr)                \addtolength{\topmargin}{-0.64723pt}.

[194]


Package fancyhdr Warning: \headheight is too small (12.0pt): 
(fancyhdr)                Make it at least 12.64723pt, for example:
(fancyhdr)                \setlength{\headheight}{12.64723pt}.
(fancyhdr)                You might also make \topmargin smaller:
(fancyhdr)                \addtolength{\topmargin}{-0.64723pt}.

[195]


Package fancyhdr Warning: \headheight is too small (12.0pt): 
(fancyhdr)                Make it at least 12.64723pt, for example:
(fancyhdr)                \setlength{\headheight}{12.64723pt}.
(fancyhdr)                You might also make \topmargin smaller:
(fancyhdr)                \addtolength{\topmargin}{-0.64723pt}.

[196])


Package fancyhdr Warning: \headheight is too small (12.0pt): 
(fancyhdr)                Make it at least 12.64723pt, for example:
(fancyhdr)                \setlength{\headheight}{12.64723pt}.
(fancyhdr)                You might also make \topmargin smaller:
(fancyhdr)                \addtolength{\topmargin}{-0.64723pt}.

[197]
\openout2 = `chapter/liquidsolid.aux'.

(./chapter/liquidsolid.tex


Package fancyhdr Warning: \headheight is too small (12.0pt): 
(fancyhdr)                Make it at least 12.64723pt, for example:
(fancyhdr)                \setlength{\headheight}{12.64723pt}.
(fancyhdr)                You might also make \topmargin smaller:
(fancyhdr)                \addtolength{\topmargin}{-0.64723pt}.

[198




]
第十四章
File: image/5-3-2.png Graphic file (type bmp)
<image/5-3-2.png>


[199]
File: image/5-3-4.png Graphic file (type bmp)
<image/5-3-4.png>



Package fancyhdr Warning: \headheight is too small (12.0pt): 
(fancyhdr)                Make it at least 12.64723pt, for example:
(fancyhdr)                \setlength{\headheight}{12.64723pt}.
(fancyhdr)                You might also make \topmargin smaller:
(fancyhdr)                \addtolength{\topmargin}{-0.64723pt}.

[200]
Overfull \hbox (8.28848pt too wide) in paragraph at lines 68--69
[]\T1/lmr/m/n/10.53937 4.\TU/方正聚珍新仿简体(0)/m/n/10.53937 最 后\T1/lmr/m/n/10.53937 ,\TU/方正聚珍新仿简体(0)/m/n/10.53937 晶 格 热 容 低 温 下 杜 隆\T1/lmr/m/n/10.53937 -\TU/方正聚珍新仿简体(0)/m/n/10.53937 裴 替 定 律 也 会 失 效\T1/lmr/m/n/10.53937 .\TU/方正聚珍新仿简体(0)/m/n/10.53937 也 是 与 量 子 效 应 有 关\T1/lmr/m/n/10.53937 .\TU/方正聚珍新仿简体(0)/m/n/10.53937 典 型 的 温 度 称 作[]德 拜 温 度[]\T1/lmr/m/n/10.53937 (Debye
 []

File: image/5-3-5.png Graphic file (type bmp)
<image/5-3-5.png>



Package fancyhdr Warning: \headheight is too small (12.0pt): 
(fancyhdr)                Make it at least 12.64723pt, for example:
(fancyhdr)                \setlength{\headheight}{12.64723pt}.
(fancyhdr)                You might also make \topmargin smaller:
(fancyhdr)                \addtolength{\topmargin}{-0.64723pt}.

[201]


Package fancyhdr Warning: \headheight is too small (12.0pt): 
(fancyhdr)                Make it at least 12.64723pt, for example:
(fancyhdr)                \setlength{\headheight}{12.64723pt}.
(fancyhdr)                You might also make \topmargin smaller:
(fancyhdr)                \addtolength{\topmargin}{-0.64723pt}.

[202]
File: image/5-3-7.png Graphic file (type bmp)
<image/5-3-7.png>



Package fancyhdr Warning: \headheight is too small (12.0pt): 
(fancyhdr)                Make it at least 12.64723pt, for example:
(fancyhdr)                \setlength{\headheight}{12.64723pt}.
(fancyhdr)                You might also make \topmargin smaller:
(fancyhdr)                \addtolength{\topmargin}{-0.64723pt}.

[203]


Package fancyhdr Warning: \headheight is too small (12.0pt): 
(fancyhdr)                Make it at least 12.64723pt, for example:
(fancyhdr)                \setlength{\headheight}{12.64723pt}.
(fancyhdr)                You might also make \topmargin smaller:
(fancyhdr)                \addtolength{\topmargin}{-0.64723pt}.

[204]
Overfull \hbox (8.40388pt too wide) in paragraph at lines 197--198
\TU/方正聚珍新仿简体(0)/m/n/10.53937 作 用 而 采 取 平 均 场 论 的 思 想 得 到 的 结 果 一 致 的 结 果\T1/lmr/m/n/10.53937 , \TU/方正聚珍新仿简体(0)/m/n/10.53937 它 的 下 一 步 是 考 虑 能 量 尺 度 较 低 下 的[]元 激 发[]\T1/lmr/m/n/10.53937 (elementary
 []




Package fancyhdr Warning: \headheight is too small (12.0pt): 
(fancyhdr)                Make it at least 12.64723pt, for example:
(fancyhdr)                \setlength{\headheight}{12.64723pt}.
(fancyhdr)                You might also make \topmargin smaller:
(fancyhdr)                \addtolength{\topmargin}{-0.64723pt}.

[205]


Package fancyhdr Warning: \headheight is too small (12.0pt): 
(fancyhdr)                Make it at least 12.64723pt, for example:
(fancyhdr)                \setlength{\headheight}{12.64723pt}.
(fancyhdr)                You might also make \topmargin smaller:
(fancyhdr)                \addtolength{\topmargin}{-0.64723pt}.

[206]


Package fancyhdr Warning: \headheight is too small (12.0pt): 
(fancyhdr)                Make it at least 12.64723pt, for example:
(fancyhdr)                \setlength{\headheight}{12.64723pt}.
(fancyhdr)                You might also make \topmargin smaller:
(fancyhdr)                \addtolength{\topmargin}{-0.64723pt}.

[207]
File: image/5-3-1.png Graphic file (type bmp)
<image/5-3-1.png>

Underfull \hbox (badness 1014) in paragraph at lines 320--321
[][]\TU/方正聚珍新仿简体(0)/m/n/10.53937 液 体 在 很 多 方 面 与 气 体 相 似\T1/lmr/m/n/10.53937 ,\TU/方正聚珍新仿简体(0)/m/n/10.53937 而 与 固 体 区 分 来 开\T1/lmr/m/n/10.53937 .\TU/方正聚珍新仿简体(0)/m/n/10.53937 具 体 来
 []




Package fancyhdr Warning: \headheight is too small (12.0pt): 
(fancyhdr)                Make it at least 12.64723pt, for example:
(fancyhdr)                \setlength{\headheight}{12.64723pt}.
(fancyhdr)                You might also make \topmargin smaller:
(fancyhdr)                \addtolength{\topmargin}{-0.64723pt}.

[208]
File: image/5-3-8.png Graphic file (type bmp)
<image/5-3-8.png>



Package fancyhdr Warning: \headheight is too small (12.0pt): 
(fancyhdr)                Make it at least 12.64723pt, for example:
(fancyhdr)                \setlength{\headheight}{12.64723pt}.
(fancyhdr)                You might also make \topmargin smaller:
(fancyhdr)                \addtolength{\topmargin}{-0.64723pt}.

[209]


Package fancyhdr Warning: \headheight is too small (12.0pt): 
(fancyhdr)                Make it at least 12.64723pt, for example:
(fancyhdr)                \setlength{\headheight}{12.64723pt}.
(fancyhdr)                You might also make \topmargin smaller:
(fancyhdr)                \addtolength{\topmargin}{-0.64723pt}.

[210])


Package fancyhdr Warning: \headheight is too small (12.0pt): 
(fancyhdr)                Make it at least 12.64723pt, for example:
(fancyhdr)                \setlength{\headheight}{12.64723pt}.
(fancyhdr)                You might also make \topmargin smaller:
(fancyhdr)                \addtolength{\topmargin}{-0.64723pt}.

[211]
\openout2 = `chapter/phasechange.aux'.

(./chapter/phasechange.tex


Package fancyhdr Warning: \headheight is too small (12.0pt): 
(fancyhdr)                Make it at least 12.64723pt, for example:
(fancyhdr)                \setlength{\headheight}{12.64723pt}.
(fancyhdr)                You might also make \topmargin smaller:
(fancyhdr)                \addtolength{\topmargin}{-0.64723pt}.

[212




]
第十五章


[213]


Package fancyhdr Warning: \headheight is too small (12.0pt): 
(fancyhdr)                Make it at least 12.64723pt, for example:
(fancyhdr)                \setlength{\headheight}{12.64723pt}.
(fancyhdr)                You might also make \topmargin smaller:
(fancyhdr)                \addtolength{\topmargin}{-0.64723pt}.

[214]
File: image/5-3-6.png Graphic file (type bmp)
<image/5-3-6.png>

Underfull \hbox (badness 1092) in paragraph at lines 83--84
[][]\TU/方正聚珍新仿简体(0)/m/n/10.53937 考 虑 了 分 子 间 作 用 力 的[]范 德 瓦 尔 斯 方 程[]\T1/lmr/m/n/10.53937 (van der Waals
 []

File: image/5-3-9.png Graphic file (type bmp)
<image/5-3-9.png>
)


Package fancyhdr Warning: \headheight is too small (12.0pt): 
(fancyhdr)                Make it at least 12.64723pt, for example:
(fancyhdr)                \setlength{\headheight}{12.64723pt}.
(fancyhdr)                You might also make \topmargin smaller:
(fancyhdr)                \addtolength{\topmargin}{-0.64723pt}.

[215]
\openout2 = `chapter/electrostatics.aux'.

(./chapter/electrostatics.tex


Package fancyhdr Warning: \headheight is too small (12.0pt): 
(fancyhdr)                Make it at least 12.64723pt, for example:
(fancyhdr)                \setlength{\headheight}{12.64723pt}.
(fancyhdr)                You might also make \topmargin smaller:
(fancyhdr)                \addtolength{\topmargin}{-0.64723pt}.

[216




]
第十六章
File: image/7-1-1.png Graphic file (type bmp)
<image/7-1-1.png>


[217]
File: image/7-1-2.png Graphic file (type bmp)
<image/7-1-2.png>



Package fancyhdr Warning: \headheight is too small (12.0pt): 
(fancyhdr)                Make it at least 12.64723pt, for example:
(fancyhdr)                \setlength{\headheight}{12.64723pt}.
(fancyhdr)                You might also make \topmargin smaller:
(fancyhdr)                \addtolength{\topmargin}{-0.64723pt}.

[218]
File: image/7-1-3.png Graphic file (type bmp)
<image/7-1-3.png>

Underfull \hbox (badness 1527) in paragraph at lines 63--64
[][]\TU/方正聚珍新仿简体(0)/m/n/10.53937 如\T1/lmr/m/n/10.53937 ,\TU/方正聚珍新仿简体(0)/m/n/10.53937 压 强 场\T1/lmr/m/n/10.53937 ,\TU/方正聚珍新仿简体(0)/m/n/10.53937 温 度 场\T1/lmr/m/n/10.53937 ,\TU/方正聚珍新仿简体(0)/m/n/10.53937 波 动 的 相 位 场\T1/lmr/m/n/10.53937 ,\TU/方正聚珍新仿简体(0)/m/n/10.53937 都 是 典 型 的 标 量 场 的 例
 []




Package fancyhdr Warning: \headheight is too small (12.0pt): 
(fancyhdr)                Make it at least 12.64723pt, for example:
(fancyhdr)                \setlength{\headheight}{12.64723pt}.
(fancyhdr)                You might also make \topmargin smaller:
(fancyhdr)                \addtolength{\topmargin}{-0.64723pt}.

[219]
File: image/7-1-4.png Graphic file (type bmp)
<image/7-1-4.png>
File: image/7-1-5.png Graphic file (type bmp)
<image/7-1-5.png>



Package fancyhdr Warning: \headheight is too small (12.0pt): 
(fancyhdr)                Make it at least 12.64723pt, for example:
(fancyhdr)                \setlength{\headheight}{12.64723pt}.
(fancyhdr)                You might also make \topmargin smaller:
(fancyhdr)                \addtolength{\topmargin}{-0.64723pt}.

[220]


Package fancyhdr Warning: \headheight is too small (12.0pt): 
(fancyhdr)                Make it at least 12.64723pt, for example:
(fancyhdr)                \setlength{\headheight}{12.64723pt}.
(fancyhdr)                You might also make \topmargin smaller:
(fancyhdr)                \addtolength{\topmargin}{-0.64723pt}.

[221]
Overfull \hbox (1.52354pt too wide) in paragraph at lines 164--165
[]\TU/方正聚珍新仿简体(0)/m/n/10.53937 对 于[]连 通[]\T1/lmr/m/n/10.53937 (connected) \TU/方正聚珍新仿简体(0)/m/n/10.53937 体 积 区 域\T1/lmr/m/n/10.53937 ,\TU/方正聚珍新仿简体(0)/m/n/10.53937 如 果 取 体 积 微 元 为 正\T1/lmr/m/n/10.53937 ,\TU/方正聚珍新仿简体(0)/m/n/10.53937 那 么 涉 及 到 区 域 边 界 闭 合 曲 面 上 的 面 积 分 时\T1/lmr/m/n/10.53937 ,\TU/方正聚珍新仿简体(0)/m/n/10.53937 面
 []

File: image/7-1-6.png Graphic file (type bmp)
<image/7-1-6.png>



Package fancyhdr Warning: \headheight is too small (12.0pt): 
(fancyhdr)                Make it at least 12.64723pt, for example:
(fancyhdr)                \setlength{\headheight}{12.64723pt}.
(fancyhdr)                You might also make \topmargin smaller:
(fancyhdr)                \addtolength{\topmargin}{-0.64723pt}.

[222]


Package fancyhdr Warning: \headheight is too small (12.0pt): 
(fancyhdr)                Make it at least 12.64723pt, for example:
(fancyhdr)                \setlength{\headheight}{12.64723pt}.
(fancyhdr)                You might also make \topmargin smaller:
(fancyhdr)                \addtolength{\topmargin}{-0.64723pt}.

[223]
File: image/7-1-7.png Graphic file (type bmp)
<image/7-1-7.png>



Package fancyhdr Warning: \headheight is too small (12.0pt): 
(fancyhdr)                Make it at least 12.64723pt, for example:
(fancyhdr)                \setlength{\headheight}{12.64723pt}.
(fancyhdr)                You might also make \topmargin smaller:
(fancyhdr)                \addtolength{\topmargin}{-0.64723pt}.

[224]
File: image/7-1-8.png Graphic file (type bmp)
<image/7-1-8.png>



Package fancyhdr Warning: \headheight is too small (12.0pt): 
(fancyhdr)                Make it at least 12.64723pt, for example:
(fancyhdr)                \setlength{\headheight}{12.64723pt}.
(fancyhdr)                You might also make \topmargin smaller:
(fancyhdr)                \addtolength{\topmargin}{-0.64723pt}.

[225]


Package fancyhdr Warning: \headheight is too small (12.0pt): 
(fancyhdr)                Make it at least 12.64723pt, for example:
(fancyhdr)                \setlength{\headheight}{12.64723pt}.
(fancyhdr)                You might also make \topmargin smaller:
(fancyhdr)                \addtolength{\topmargin}{-0.64723pt}.

[226]
File: image/7-1-9.png Graphic file (type bmp)
<image/7-1-9.png>

Overfull \hbox (38.98045pt too wide) detected at line 358
\OML/lmm/m/it/10.53937 I[] \OT1/lmr/m/n/10.53937 = [] [] [][][]\OML/lmm/m/it/10.53937 V[][]V[] \OT1/lmr/m/n/10.53937 = [] \OML/lmm/m/it/10.53937 ^^Z[]'[][]V[] \OT1/lmr/m/n/10.53937 = [] \OML/lmm/m/it/10.53937 ^^Z[]'[][]V[]
 []




Package fancyhdr Warning: \headheight is too small (12.0pt): 
(fancyhdr)                Make it at least 12.64723pt, for example:
(fancyhdr)                \setlength{\headheight}{12.64723pt}.
(fancyhdr)                You might also make \topmargin smaller:
(fancyhdr)                \addtolength{\topmargin}{-0.64723pt}.

[227]


Package fancyhdr Warning: \headheight is too small (12.0pt): 
(fancyhdr)                Make it at least 12.64723pt, for example:
(fancyhdr)                \setlength{\headheight}{12.64723pt}.
(fancyhdr)                You might also make \topmargin smaller:
(fancyhdr)                \addtolength{\topmargin}{-0.64723pt}.

[228]
File: image/7-1-10.png Graphic file (type bmp)
<image/7-1-10.png>



Package fancyhdr Warning: \headheight is too small (12.0pt): 
(fancyhdr)                Make it at least 12.64723pt, for example:
(fancyhdr)                \setlength{\headheight}{12.64723pt}.
(fancyhdr)                You might also make \topmargin smaller:
(fancyhdr)                \addtolength{\topmargin}{-0.64723pt}.

[229]
File: image/7-1-11.png Graphic file (type bmp)
<image/7-1-11.png>
File: image/7-1-12.png Graphic file (type bmp)
<image/7-1-12.png>



Package fancyhdr Warning: \headheight is too small (12.0pt): 
(fancyhdr)                Make it at least 12.64723pt, for example:
(fancyhdr)                \setlength{\headheight}{12.64723pt}.
(fancyhdr)                You might also make \topmargin smaller:
(fancyhdr)                \addtolength{\topmargin}{-0.64723pt}.

[230]
File: image/7-1-13.png Graphic file (type bmp)
<image/7-1-13.png>

Overfull \hbox (0.1922pt too wide) in paragraph at lines 504--505
\TU/方正聚珍新仿简体(0)/m/n/10.53937 方 向\T1/lmr/m/n/10.53937 ,\TU/方正聚珍新仿简体(0)/m/n/10.53937 位 置 都 可 以 发 生 改 变\T1/lmr/m/n/10.53937 ,\TU/方正聚珍新仿简体(0)/m/n/10.53937 随 着 这 两 个 剩 余 自 由 度 发 生 变 化\T1/lmr/m/n/10.53937 ,\TU/方正聚珍新仿简体(0)/m/n/10.53937 电 场 对 电 偶 极 子 做 的 虚 功 $\OMS/lmsy/m/n/10.53937 ^^@\OML/lmm/m/it/10.53937 ^^NV \OT1/lmr/m/n/10.53937 = \OML/lmm/m/it/10.53937 ^^N\OT1/lmr/m/n/10.53937 [[] [] []([])]$
 []




Package fancyhdr Warning: \headheight is too small (12.0pt): 
(fancyhdr)                Make it at least 12.64723pt, for example:
(fancyhdr)                \setlength{\headheight}{12.64723pt}.
(fancyhdr)                You might also make \topmargin smaller:
(fancyhdr)                \addtolength{\topmargin}{-0.64723pt}.

[231]
File: image/7-1-14.png Graphic file (type bmp)
<image/7-1-14.png>



Package fancyhdr Warning: \headheight is too small (12.0pt): 
(fancyhdr)                Make it at least 12.64723pt, for example:
(fancyhdr)                \setlength{\headheight}{12.64723pt}.
(fancyhdr)                You might also make \topmargin smaller:
(fancyhdr)                \addtolength{\topmargin}{-0.64723pt}.

[232]
File: image/7-1-16.png Graphic file (type bmp)
<image/7-1-16.png>



Package fancyhdr Warning: \headheight is too small (12.0pt): 
(fancyhdr)                Make it at least 12.64723pt, for example:
(fancyhdr)                \setlength{\headheight}{12.64723pt}.
(fancyhdr)                You might also make \topmargin smaller:
(fancyhdr)                \addtolength{\topmargin}{-0.64723pt}.

[233]


Package fancyhdr Warning: \headheight is too small (12.0pt): 
(fancyhdr)                Make it at least 12.64723pt, for example:
(fancyhdr)                \setlength{\headheight}{12.64723pt}.
(fancyhdr)                You might also make \topmargin smaller:
(fancyhdr)                \addtolength{\topmargin}{-0.64723pt}.

[234]
File: image/7-1-17.png Graphic file (type bmp)
<image/7-1-17.png>

Overfull \hbox (23.39412pt too wide) in paragraph at lines 629--630
[]\TU/方正聚珍新仿简体(0)/m/n/10.53937 我 们 遇 到 了 一 个 问 题\T1/lmr/m/n/10.53937 :\TU/方正聚珍新仿简体(0)/m/n/10.53937 球 面 上 的 电 势 和 电 场 强 度 是 如 何 的\T1/lmr/m/n/10.53937 ?\TU/方正聚珍新仿简体(0)/m/n/10.53937 我 们 这 时 候 在 定 义 上 会 遇 到[]发 散 困 难[]\T1/lmr/m/n/10.53937 (divergency
 []




Package fancyhdr Warning: \headheight is too small (12.0pt): 
(fancyhdr)                Make it at least 12.64723pt, for example:
(fancyhdr)                \setlength{\headheight}{12.64723pt}.
(fancyhdr)                You might also make \topmargin smaller:
(fancyhdr)                \addtolength{\topmargin}{-0.64723pt}.

[235]
File: image/7-1-18.png Graphic file (type bmp)
<image/7-1-18.png>



Package fancyhdr Warning: \headheight is too small (12.0pt): 
(fancyhdr)                Make it at least 12.64723pt, for example:
(fancyhdr)                \setlength{\headheight}{12.64723pt}.
(fancyhdr)                You might also make \topmargin smaller:
(fancyhdr)                \addtolength{\topmargin}{-0.64723pt}.

[236]
File: image/7-1-19.png Graphic file (type bmp)
<image/7-1-19.png>
File: image/7-1-20.png Graphic file (type bmp)
<image/7-1-20.png>

Underfull \vbox (badness 10000) has occurred while \output is active []




Package fancyhdr Warning: \headheight is too small (12.0pt): 
(fancyhdr)                Make it at least 12.64723pt, for example:
(fancyhdr)                \setlength{\headheight}{12.64723pt}.
(fancyhdr)                You might also make \topmargin smaller:
(fancyhdr)                \addtolength{\topmargin}{-0.64723pt}.

[237]
File: image/7-1-21.png Graphic file (type bmp)
<image/7-1-21.png>
File: image/7-1-22.png Graphic file (type bmp)
<image/7-1-22.png>
)


Package fancyhdr Warning: \headheight is too small (12.0pt): 
(fancyhdr)                Make it at least 12.64723pt, for example:
(fancyhdr)                \setlength{\headheight}{12.64723pt}.
(fancyhdr)                You might also make \topmargin smaller:
(fancyhdr)                \addtolength{\topmargin}{-0.64723pt}.

[238]
\openout2 = `chapter/conductordielectric.aux'.

(./chapter/conductordielectric.tex
第十七章

Overfull \hbox (3.86473pt too wide) in paragraph at lines 15--16
[]\T1/lmr/m/n/10.53937 1. \TU/方正聚珍新仿简体(0)/m/n/10.53937 真 空 导 电\T1/lmr/m/n/10.53937 :\TU/方正聚珍新仿简体(0)/m/n/10.53937 一 般 不 会 说 真 空 具 有[]导 电 性[]\T1/lmr/m/n/10.53937 (conductive),\TU/方正聚珍新仿简体(0)/m/n/10.53937 因 为 真 空 中 是 没 有[]载 流 子[]\T1/lmr/m/n/10.53937 (charge car-rier) \TU/方正聚珍新仿简体(0)/m/n/10.53937 的[][][][][]\T1/lmr/m/n/10.53937 .\TU/方正聚珍新仿简体(0)/m/n/10.53937 的
 []


Overfull \hbox (3.69035pt too wide) in paragraph at lines 15--16
\T1/lmr/m/n/10.53937 fect) \TU/方正聚珍新仿简体(0)/m/n/10.53937 与[]场 发 射[]\T1/lmr/m/n/10.53937 (field emis-sion). \TU/方正聚珍新仿简体(0)/m/n/10.53937 这 种 电 荷 的 定 向 移 动 现 象 被 统 一 地 称 为[]输 运 现 象[]\T1/lmr/m/n/10.53937 (transport phe-nomenon).\TU/方正聚珍新仿简体(0)/m/n/10.53937 由
 []

File: image/7-2-1.png Graphic file (type bmp)
<image/7-2-1.png>


[239




]


Package fancyhdr Warning: \headheight is too small (12.0pt): 
(fancyhdr)                Make it at least 12.64723pt, for example:
(fancyhdr)                \setlength{\headheight}{12.64723pt}.
(fancyhdr)                You might also make \topmargin smaller:
(fancyhdr)                \addtolength{\topmargin}{-0.64723pt}.

[240]
File: image/7-2-2.png Graphic file (type bmp)
<image/7-2-2.png>
File: image/7-2-3.png Graphic file (type bmp)
<image/7-2-3.png>



Package fancyhdr Warning: \headheight is too small (12.0pt): 
(fancyhdr)                Make it at least 12.64723pt, for example:
(fancyhdr)                \setlength{\headheight}{12.64723pt}.
(fancyhdr)                You might also make \topmargin smaller:
(fancyhdr)                \addtolength{\topmargin}{-0.64723pt}.

[241]
File: image/7-2-4.png Graphic file (type bmp)
<image/7-2-4.png>
File: image/7-2-5.png Graphic file (type bmp)
<image/7-2-5.png>

Underfull \hbox (badness 4686) in paragraph at lines 114--115
[][]\TU/方正聚珍新仿简体(0)/m/n/10.53937 但 是 还 要 注 意 这 种 边 值 问 题 又 分 为[]外 问 题[]\T1/lmr/m/n/10.53937 (outside
 []




Package fancyhdr Warning: \headheight is too small (12.0pt): 
(fancyhdr)                Make it at least 12.64723pt, for example:
(fancyhdr)                \setlength{\headheight}{12.64723pt}.
(fancyhdr)                You might also make \topmargin smaller:
(fancyhdr)                \addtolength{\topmargin}{-0.64723pt}.

[242]


Package fancyhdr Warning: \headheight is too small (12.0pt): 
(fancyhdr)                Make it at least 12.64723pt, for example:
(fancyhdr)                \setlength{\headheight}{12.64723pt}.
(fancyhdr)                You might also make \topmargin smaller:
(fancyhdr)                \addtolength{\topmargin}{-0.64723pt}.

[243]
File: image/7-2-6.png Graphic file (type bmp)
<image/7-2-6.png>



Package fancyhdr Warning: \headheight is too small (12.0pt): 
(fancyhdr)                Make it at least 12.64723pt, for example:
(fancyhdr)                \setlength{\headheight}{12.64723pt}.
(fancyhdr)                You might also make \topmargin smaller:
(fancyhdr)                \addtolength{\topmargin}{-0.64723pt}.

[244]
File: image/7-2-7.png Graphic file (type bmp)
<image/7-2-7.png>

Underfull \hbox (badness 1418) in paragraph at lines 212--213
\TU/方正聚珍新仿简体(0)/m/n/10.53937 路\T1/lmr/m/n/10.53937 ,\TU/方正聚珍新仿简体(0)/m/n/10.53937 各 个 区 域 $\OML/lmm/m/it/10.53937 D$ \TU/方正聚珍新仿简体(0)/m/n/10.53937 变 成 电 容 内 部 的 场 强
 []

File: image/7-2-8.png Graphic file (type bmp)
<image/7-2-8.png>



Package fancyhdr Warning: \headheight is too small (12.0pt): 
(fancyhdr)                Make it at least 12.64723pt, for example:
(fancyhdr)                \setlength{\headheight}{12.64723pt}.
(fancyhdr)                You might also make \topmargin smaller:
(fancyhdr)                \addtolength{\topmargin}{-0.64723pt}.

[245]
File: image/7-2-9.png Graphic file (type bmp)
<image/7-2-9.png>



Package fancyhdr Warning: \headheight is too small (12.0pt): 
(fancyhdr)                Make it at least 12.64723pt, for example:
(fancyhdr)                \setlength{\headheight}{12.64723pt}.
(fancyhdr)                You might also make \topmargin smaller:
(fancyhdr)                \addtolength{\topmargin}{-0.64723pt}.

[246]


Package fancyhdr Warning: \headheight is too small (12.0pt): 
(fancyhdr)                Make it at least 12.64723pt, for example:
(fancyhdr)                \setlength{\headheight}{12.64723pt}.
(fancyhdr)                You might also make \topmargin smaller:
(fancyhdr)                \addtolength{\topmargin}{-0.64723pt}.

[247]
File: image/7-2-10.png Graphic file (type bmp)
<image/7-2-10.png>



Package fancyhdr Warning: \headheight is too small (12.0pt): 
(fancyhdr)                Make it at least 12.64723pt, for example:
(fancyhdr)                \setlength{\headheight}{12.64723pt}.
(fancyhdr)                You might also make \topmargin smaller:
(fancyhdr)                \addtolength{\topmargin}{-0.64723pt}.

[248]


Package fancyhdr Warning: \headheight is too small (12.0pt): 
(fancyhdr)                Make it at least 12.64723pt, for example:
(fancyhdr)                \setlength{\headheight}{12.64723pt}.
(fancyhdr)                You might also make \topmargin smaller:
(fancyhdr)                \addtolength{\topmargin}{-0.64723pt}.

[249]


Package fancyhdr Warning: \headheight is too small (12.0pt): 
(fancyhdr)                Make it at least 12.64723pt, for example:
(fancyhdr)                \setlength{\headheight}{12.64723pt}.
(fancyhdr)                You might also make \topmargin smaller:
(fancyhdr)                \addtolength{\topmargin}{-0.64723pt}.

[250]
File: image/7-1-23.png Graphic file (type bmp)
<image/7-1-23.png>



Package fancyhdr Warning: \headheight is too small (12.0pt): 
(fancyhdr)                Make it at least 12.64723pt, for example:
(fancyhdr)                \setlength{\headheight}{12.64723pt}.
(fancyhdr)                You might also make \topmargin smaller:
(fancyhdr)                \addtolength{\topmargin}{-0.64723pt}.

[251]
Overfull \hbox (37.0571pt too wide) in paragraph at lines 473--474
[]\TU/方正聚珍新仿简体(0)/m/n/10.53937 而 其 中 $\OML/lmm/m/it/10.53937 P[]\OT1/lmr/m/n/10.53937 (\OML/lmm/m/it/10.53937 x\OT1/lmr/m/n/10.53937 )$ \TU/方正聚珍新仿简体(0)/m/n/10.53937 就 是 此 前 使 用 的[]勒 让 德 多 项 式[]\T1/lmr/m/n/10.53937 (Legendre poly-no-mi-als).\TU/方正聚珍新仿简体(0)/m/n/10.53937 我 们 此 前 是 通 过[]罗 德 里 格 公 式[]\T1/lmr/m/n/10.53937 (Rodrigues'
 []




Package fancyhdr Warning: \headheight is too small (12.0pt): 
(fancyhdr)                Make it at least 12.64723pt, for example:
(fancyhdr)                \setlength{\headheight}{12.64723pt}.
(fancyhdr)                You might also make \topmargin smaller:
(fancyhdr)                \addtolength{\topmargin}{-0.64723pt}.

[252]
File: image/7-2-15.png Graphic file (type bmp)
<image/7-2-15.png>



Package fancyhdr Warning: \headheight is too small (12.0pt): 
(fancyhdr)                Make it at least 12.64723pt, for example:
(fancyhdr)                \setlength{\headheight}{12.64723pt}.
(fancyhdr)                You might also make \topmargin smaller:
(fancyhdr)                \addtolength{\topmargin}{-0.64723pt}.

[253]
Missing character: There is no 所 ("6240) in font ec-lmr10!



Package fancyhdr Warning: \headheight is too small (12.0pt): 
(fancyhdr)                Make it at least 12.64723pt, for example:
(fancyhdr)                \setlength{\headheight}{12.64723pt}.
(fancyhdr)                You might also make \topmargin smaller:
(fancyhdr)                \addtolength{\topmargin}{-0.64723pt}.

[254]


Package fancyhdr Warning: \headheight is too small (12.0pt): 
(fancyhdr)                Make it at least 12.64723pt, for example:
(fancyhdr)                \setlength{\headheight}{12.64723pt}.
(fancyhdr)                You might also make \topmargin smaller:
(fancyhdr)                \addtolength{\topmargin}{-0.64723pt}.

[255]
File: image/7-2-11.png Graphic file (type bmp)
<image/7-2-11.png>



Package fancyhdr Warning: \headheight is too small (12.0pt): 
(fancyhdr)                Make it at least 12.64723pt, for example:
(fancyhdr)                \setlength{\headheight}{12.64723pt}.
(fancyhdr)                You might also make \topmargin smaller:
(fancyhdr)                \addtolength{\topmargin}{-0.64723pt}.

[256]


Package fancyhdr Warning: \headheight is too small (12.0pt): 
(fancyhdr)                Make it at least 12.64723pt, for example:
(fancyhdr)                \setlength{\headheight}{12.64723pt}.
(fancyhdr)                You might also make \topmargin smaller:
(fancyhdr)                \addtolength{\topmargin}{-0.64723pt}.

[257]
File: image/7-2-12.png Graphic file (type bmp)
<image/7-2-12.png>
File: image/7-2-13.png Graphic file (type bmp)
<image/7-2-13.png>



Package fancyhdr Warning: \headheight is too small (12.0pt): 
(fancyhdr)                Make it at least 12.64723pt, for example:
(fancyhdr)                \setlength{\headheight}{12.64723pt}.
(fancyhdr)                You might also make \topmargin smaller:
(fancyhdr)                \addtolength{\topmargin}{-0.64723pt}.

[258]
Overfull \hbox (17.96576pt too wide) in paragraph at lines 886--887
[]\TU/方正聚珍新仿简体(0)/m/n/10.53937 现 在 让 我 们 看 介 质 球 的 极 化 问 题\T1/lmr/m/n/10.53937 .\TU/方正聚珍新仿简体(0)/m/n/10.53937 此 时 均 匀 的 极 化 为 球 的 表 面 带 来 的 电 荷 面 密 度 就 变 成 了 $\OML/lmm/m/it/10.53937 ^^[[] \OT1/lmr/m/n/10.53937 = \OML/lmm/m/it/10.53937 P [] ^^R$\T1/lmr/m/n/10.53937 ,\TU/方正聚珍新仿简体(0)/m/n/10.53937 而
 []




Package fancyhdr Warning: \headheight is too small (12.0pt): 
(fancyhdr)                Make it at least 12.64723pt, for example:
(fancyhdr)                \setlength{\headheight}{12.64723pt}.
(fancyhdr)                You might also make \topmargin smaller:
(fancyhdr)                \addtolength{\topmargin}{-0.64723pt}.

[259]
File: image/7-2-14.png Graphic file (type bmp)
<image/7-2-14.png>



Package fancyhdr Warning: \headheight is too small (12.0pt): 
(fancyhdr)                Make it at least 12.64723pt, for example:
(fancyhdr)                \setlength{\headheight}{12.64723pt}.
(fancyhdr)                You might also make \topmargin smaller:
(fancyhdr)                \addtolength{\topmargin}{-0.64723pt}.

[260]


Package fancyhdr Warning: \headheight is too small (12.0pt): 
(fancyhdr)                Make it at least 12.64723pt, for example:
(fancyhdr)                \setlength{\headheight}{12.64723pt}.
(fancyhdr)                You might also make \topmargin smaller:
(fancyhdr)                \addtolength{\topmargin}{-0.64723pt}.

[261]


Package fancyhdr Warning: \headheight is too small (12.0pt): 
(fancyhdr)                Make it at least 12.64723pt, for example:
(fancyhdr)                \setlength{\headheight}{12.64723pt}.
(fancyhdr)                You might also make \topmargin smaller:
(fancyhdr)                \addtolength{\topmargin}{-0.64723pt}.

[262]


Package fancyhdr Warning: \headheight is too small (12.0pt): 
(fancyhdr)                Make it at least 12.64723pt, for example:
(fancyhdr)                \setlength{\headheight}{12.64723pt}.
(fancyhdr)                You might also make \topmargin smaller:
(fancyhdr)                \addtolength{\topmargin}{-0.64723pt}.

[263])


Package fancyhdr Warning: \headheight is too small (12.0pt): 
(fancyhdr)                Make it at least 12.64723pt, for example:
(fancyhdr)                \setlength{\headheight}{12.64723pt}.
(fancyhdr)                You might also make \topmargin smaller:
(fancyhdr)                \addtolength{\topmargin}{-0.64723pt}.

[264]
\openout2 = `chapter/steadycurrent.aux'.

(./chapter/steadycurrent.tex
第十八章


[265




]


Package fancyhdr Warning: \headheight is too small (12.0pt): 
(fancyhdr)                Make it at least 12.64723pt, for example:
(fancyhdr)                \setlength{\headheight}{12.64723pt}.
(fancyhdr)                You might also make \topmargin smaller:
(fancyhdr)                \addtolength{\topmargin}{-0.64723pt}.

[266]
File: image/7-3-1.png Graphic file (type bmp)
<image/7-3-1.png>



Package fancyhdr Warning: \headheight is too small (12.0pt): 
(fancyhdr)                Make it at least 12.64723pt, for example:
(fancyhdr)                \setlength{\headheight}{12.64723pt}.
(fancyhdr)                You might also make \topmargin smaller:
(fancyhdr)                \addtolength{\topmargin}{-0.64723pt}.

[267]
File: image/7-3-2.jpg Graphic file (type bmp)
<image/7-3-2.jpg>
File: image/7-3-3.jpg Graphic file (type bmp)
<image/7-3-3.jpg>



Package fancyhdr Warning: \headheight is too small (12.0pt): 
(fancyhdr)                Make it at least 12.64723pt, for example:
(fancyhdr)                \setlength{\headheight}{12.64723pt}.
(fancyhdr)                You might also make \topmargin smaller:
(fancyhdr)                \addtolength{\topmargin}{-0.64723pt}.

[268]
File: image/7-3-4.jpg Graphic file (type bmp)
<image/7-3-4.jpg>



Package fancyhdr Warning: \headheight is too small (12.0pt): 
(fancyhdr)                Make it at least 12.64723pt, for example:
(fancyhdr)                \setlength{\headheight}{12.64723pt}.
(fancyhdr)                You might also make \topmargin smaller:
(fancyhdr)                \addtolength{\topmargin}{-0.64723pt}.

[269]

Package hyperref Warning: Token not allowed in a PDF string (Unicode):
(hyperref)                removing `\leavevmode@ifvmode' on input line 126.


Package hyperref Warning: Token not allowed in a PDF string (Unicode):
(hyperref)                \kern 1.75693pt
(hyperref)                removed on input line 126.




Package fancyhdr Warning: \headheight is too small (12.0pt): 
(fancyhdr)                Make it at least 12.64723pt, for example:
(fancyhdr)                \setlength{\headheight}{12.64723pt}.
(fancyhdr)                You might also make \topmargin smaller:
(fancyhdr)                \addtolength{\topmargin}{-0.64723pt}.

[270]
File: image/7-3-5.png Graphic file (type bmp)
<image/7-3-5.png>

Underfull \hbox (badness 4156) in paragraph at lines 193--194
[]\TU/方正聚珍新仿简体(0)/m/n/10.53937 上 式 $[]$ 代 表[]非 静 电 力 场[]\T1/lmr/m/n/10.53937 (non-electrostatic
 []




Package fancyhdr Warning: \headheight is too small (12.0pt): 
(fancyhdr)                Make it at least 12.64723pt, for example:
(fancyhdr)                \setlength{\headheight}{12.64723pt}.
(fancyhdr)                You might also make \topmargin smaller:
(fancyhdr)                \addtolength{\topmargin}{-0.64723pt}.

[271]
File: image/7-3-6.png Graphic file (type bmp)
<image/7-3-6.png>
File: image/7-3-7.png Graphic file (type bmp)
<image/7-3-7.png>



Package fancyhdr Warning: \headheight is too small (12.0pt): 
(fancyhdr)                Make it at least 12.64723pt, for example:
(fancyhdr)                \setlength{\headheight}{12.64723pt}.
(fancyhdr)                You might also make \topmargin smaller:
(fancyhdr)                \addtolength{\topmargin}{-0.64723pt}.

[272]
File: image/7-3-8.png Graphic file (type bmp)
<image/7-3-8.png>
File: image/7-3-9.png Graphic file (type bmp)
<image/7-3-9.png>

Overfull \hbox (2.343pt too wide) in paragraph at lines 261--262
[]\TU/方正聚珍新仿简体(0)/m/n/10.53937 恒 压 源\T1/lmr/m/n/10.53937 ,\TU/方正聚珍新仿简体(0)/m/n/10.53937 顾 名 思 义\T1/lmr/m/n/10.53937 ,\TU/方正聚珍新仿简体(0)/m/n/10.53937 总 是 能 保 持 其 正 极 电 压 比 负 极 电 压 高 $\OMS/mdbch/m/n/10.53937 E$\T1/lmr/m/n/10.53937 .\TU/方正聚珍新仿简体(0)/m/n/10.53937 在 正 常 工 作 状 态 时\T1/lmr/m/n/10.53937 ,\TU/方正聚珍新仿简体(0)/m/n/10.53937 电 流 应 当 从 正 极 流 出\T1/lmr/m/n/10.53937 ,\TU/方正聚珍新仿简体(0)/m/n/10.53937 使
 []




Package fancyhdr Warning: \headheight is too small (12.0pt): 
(fancyhdr)                Make it at least 12.64723pt, for example:
(fancyhdr)                \setlength{\headheight}{12.64723pt}.
(fancyhdr)                You might also make \topmargin smaller:
(fancyhdr)                \addtolength{\topmargin}{-0.64723pt}.

[273]
File: image/7-3-10.png Graphic file (type bmp)
<image/7-3-10.png>
File: image/7-3-11.png Graphic file (type bmp)
<image/7-3-11.png>

Underfull \vbox (badness 10000) has occurred while \output is active []




Package fancyhdr Warning: \headheight is too small (12.0pt): 
(fancyhdr)                Make it at least 12.64723pt, for example:
(fancyhdr)                \setlength{\headheight}{12.64723pt}.
(fancyhdr)                You might also make \topmargin smaller:
(fancyhdr)                \addtolength{\topmargin}{-0.64723pt}.

[274]
File: image/7-3-12.png Graphic file (type bmp)
<image/7-3-12.png>
File: image/7-3-13.png Graphic file (type bmp)
<image/7-3-13.png>
File: image/7-3-14.png Graphic file (type bmp)
<image/7-3-14.png>



Package fancyhdr Warning: \headheight is too small (12.0pt): 
(fancyhdr)                Make it at least 12.64723pt, for example:
(fancyhdr)                \setlength{\headheight}{12.64723pt}.
(fancyhdr)                You might also make \topmargin smaller:
(fancyhdr)                \addtolength{\topmargin}{-0.64723pt}.

[275]
File: image/7-3-15.png Graphic file (type bmp)
<image/7-3-15.png>

Overfull \hbox (11.94696pt too wide) in paragraph at lines 349--354
[]\TU/方正聚珍新仿简体(0)/m/n/10.53937 接 下 来 定 义 节 点 的 概 念\T1/lmr/m/n/10.53937 :\TU/方正聚珍新仿简体(0)/m/n/10.53937 节 点 把 支 路 连 接 在 一 起\T1/lmr/m/n/10.53937 .\TU/方正聚珍新仿简体(0)/m/n/10.53937 在 定 义 这 个 概 念 时 我 们 首 次 遇 到 了[]拓 扑 等 价[]\T1/lmr/m/n/10.53937 (topological
 []




Package fancyhdr Warning: \headheight is too small (12.0pt): 
(fancyhdr)                Make it at least 12.64723pt, for example:
(fancyhdr)                \setlength{\headheight}{12.64723pt}.
(fancyhdr)                You might also make \topmargin smaller:
(fancyhdr)                \addtolength{\topmargin}{-0.64723pt}.

[276]
File: image/7-3-16.png Graphic file (type bmp)
<image/7-3-16.png>
File: image/7-3-17.png Graphic file (type bmp)
<image/7-3-17.png>



Package fancyhdr Warning: \headheight is too small (12.0pt): 
(fancyhdr)                Make it at least 12.64723pt, for example:
(fancyhdr)                \setlength{\headheight}{12.64723pt}.
(fancyhdr)                You might also make \topmargin smaller:
(fancyhdr)                \addtolength{\topmargin}{-0.64723pt}.

[277]


Package fancyhdr Warning: \headheight is too small (12.0pt): 
(fancyhdr)                Make it at least 12.64723pt, for example:
(fancyhdr)                \setlength{\headheight}{12.64723pt}.
(fancyhdr)                You might also make \topmargin smaller:
(fancyhdr)                \addtolength{\topmargin}{-0.64723pt}.

[278]
File: image/7-3-18.png Graphic file (type bmp)
<image/7-3-18.png>



Package fancyhdr Warning: \headheight is too small (12.0pt): 
(fancyhdr)                Make it at least 12.64723pt, for example:
(fancyhdr)                \setlength{\headheight}{12.64723pt}.
(fancyhdr)                You might also make \topmargin smaller:
(fancyhdr)                \addtolength{\topmargin}{-0.64723pt}.

[279]


Package fancyhdr Warning: \headheight is too small (12.0pt): 
(fancyhdr)                Make it at least 12.64723pt, for example:
(fancyhdr)                \setlength{\headheight}{12.64723pt}.
(fancyhdr)                You might also make \topmargin smaller:
(fancyhdr)                \addtolength{\topmargin}{-0.64723pt}.

[280]
File: image/7-3-19.png Graphic file (type bmp)
<image/7-3-19.png>



Package fancyhdr Warning: \headheight is too small (12.0pt): 
(fancyhdr)                Make it at least 12.64723pt, for example:
(fancyhdr)                \setlength{\headheight}{12.64723pt}.
(fancyhdr)                You might also make \topmargin smaller:
(fancyhdr)                \addtolength{\topmargin}{-0.64723pt}.

[281])


Package fancyhdr Warning: \headheight is too small (12.0pt): 
(fancyhdr)                Make it at least 12.64723pt, for example:
(fancyhdr)                \setlength{\headheight}{12.64723pt}.
(fancyhdr)                You might also make \topmargin smaller:
(fancyhdr)                \addtolength{\topmargin}{-0.64723pt}.

[282]
\openout2 = `chapter/magnetostatics.aux'.

(./chapter/magnetostatics.tex
第十九章
File: image/7-4-3.png Graphic file (type bmp)
<image/7-4-3.png>


[283




]


Package fancyhdr Warning: \headheight is too small (12.0pt): 
(fancyhdr)                Make it at least 12.64723pt, for example:
(fancyhdr)                \setlength{\headheight}{12.64723pt}.
(fancyhdr)                You might also make \topmargin smaller:
(fancyhdr)                \addtolength{\topmargin}{-0.64723pt}.

[284]
File: image/7-4-4.png Graphic file (type bmp)
<image/7-4-4.png>
File: image/7-4-5.png Graphic file (type bmp)
<image/7-4-5.png>



Package fancyhdr Warning: \headheight is too small (12.0pt): 
(fancyhdr)                Make it at least 12.64723pt, for example:
(fancyhdr)                \setlength{\headheight}{12.64723pt}.
(fancyhdr)                You might also make \topmargin smaller:
(fancyhdr)                \addtolength{\topmargin}{-0.64723pt}.

[285]
File: image/7-4-6.png Graphic file (type bmp)
<image/7-4-6.png>
File: image/7-4-7.png Graphic file (type bmp)
<image/7-4-7.png>



Package fancyhdr Warning: \headheight is too small (12.0pt): 
(fancyhdr)                Make it at least 12.64723pt, for example:
(fancyhdr)                \setlength{\headheight}{12.64723pt}.
(fancyhdr)                You might also make \topmargin smaller:
(fancyhdr)                \addtolength{\topmargin}{-0.64723pt}.

[286]


Package fancyhdr Warning: \headheight is too small (12.0pt): 
(fancyhdr)                Make it at least 12.64723pt, for example:
(fancyhdr)                \setlength{\headheight}{12.64723pt}.
(fancyhdr)                You might also make \topmargin smaller:
(fancyhdr)                \addtolength{\topmargin}{-0.64723pt}.

[287]
File: image/7-4-8.png Graphic file (type bmp)
<image/7-4-8.png>



Package fancyhdr Warning: \headheight is too small (12.0pt): 
(fancyhdr)                Make it at least 12.64723pt, for example:
(fancyhdr)                \setlength{\headheight}{12.64723pt}.
(fancyhdr)                You might also make \topmargin smaller:
(fancyhdr)                \addtolength{\topmargin}{-0.64723pt}.

[288]


Package fancyhdr Warning: \headheight is too small (12.0pt): 
(fancyhdr)                Make it at least 12.64723pt, for example:
(fancyhdr)                \setlength{\headheight}{12.64723pt}.
(fancyhdr)                You might also make \topmargin smaller:
(fancyhdr)                \addtolength{\topmargin}{-0.64723pt}.

[289]
Overfull \hbox (0.46939pt too wide) in paragraph at lines 270--271
[]\TU/方正聚珍新仿简体(0)/m/n/10.53937 可 以 设 想 存 在 可 以 像 点 电 荷 产 生 电 场 那 样 的 方 式 产 生 磁 场 的 物 质\T1/lmr/m/n/10.53937 , \TU/方正聚珍新仿简体(0)/m/n/10.53937 称 作[]磁 单 极 子[]\T1/lmr/m/n/10.53937 (magnetic monopole),
 []




Package fancyhdr Warning: \headheight is too small (12.0pt): 
(fancyhdr)                Make it at least 12.64723pt, for example:
(fancyhdr)                \setlength{\headheight}{12.64723pt}.
(fancyhdr)                You might also make \topmargin smaller:
(fancyhdr)                \addtolength{\topmargin}{-0.64723pt}.

[290]
File: image/7-4-9.png Graphic file (type bmp)
<image/7-4-9.png>

Overfull \hbox (0.61949pt too wide) detected at line 306
[] \OT1/lmr/m/n/10.53937 = \OMS/lmsy/m/n/10.53937 ^^@r[][]\OML/lmm/m/it/10.53937 =^^V[] \OT1/lmr/m/n/10.53937 = \OMS/lmsy/m/n/10.53937 ^^@[] [] \OML/lmm/m/it/10.53937 f\OT1/lmr/m/n/10.53937 (\OML/lmm/m/it/10.53937 y\OT1/lmr/m/n/10.53937 )[][] = \OMS/lmsy/m/n/10.53937 ^^@[][][]
 []




Package fancyhdr Warning: \headheight is too small (12.0pt): 
(fancyhdr)                Make it at least 12.64723pt, for example:
(fancyhdr)                \setlength{\headheight}{12.64723pt}.
(fancyhdr)                You might also make \topmargin smaller:
(fancyhdr)                \addtolength{\topmargin}{-0.64723pt}.

[291]


Package fancyhdr Warning: \headheight is too small (12.0pt): 
(fancyhdr)                Make it at least 12.64723pt, for example:
(fancyhdr)                \setlength{\headheight}{12.64723pt}.
(fancyhdr)                You might also make \topmargin smaller:
(fancyhdr)                \addtolength{\topmargin}{-0.64723pt}.

[292]
File: image/7-4-10.png Graphic file (type bmp)
<image/7-4-10.png>
File: image/7-4-11.jpg Graphic file (type bmp)
<image/7-4-11.jpg>



Package fancyhdr Warning: \headheight is too small (12.0pt): 
(fancyhdr)                Make it at least 12.64723pt, for example:
(fancyhdr)                \setlength{\headheight}{12.64723pt}.
(fancyhdr)                You might also make \topmargin smaller:
(fancyhdr)                \addtolength{\topmargin}{-0.64723pt}.

[293]
Overfull \hbox (12.2379pt too wide) in paragraph at lines 430--431
[]\TU/方正聚珍新仿简体(0)/m/n/10.53937 终 于 我 们 回 到 此 前 电 流 体 系 形 成 的 磁 矢 势 问 题\T1/lmr/m/n/10.53937 , \TU/方正聚珍新仿简体(0)/m/n/10.53937 现 在 我 们 就 定 义 一 个 载 流 $\OML/lmm/m/it/10.53937 I[]$ \TU/方正聚珍新仿简体(0)/m/n/10.53937 的 线 圈 形 成 的[]磁 矩[]\T1/lmr/m/n/10.53937 (magnetic
 []




Package fancyhdr Warning: \headheight is too small (12.0pt): 
(fancyhdr)                Make it at least 12.64723pt, for example:
(fancyhdr)                \setlength{\headheight}{12.64723pt}.
(fancyhdr)                You might also make \topmargin smaller:
(fancyhdr)                \addtolength{\topmargin}{-0.64723pt}.

[294]
File: image/7-4-1.png Graphic file (type bmp)
<image/7-4-1.png>



Package fancyhdr Warning: \headheight is too small (12.0pt): 
(fancyhdr)                Make it at least 12.64723pt, for example:
(fancyhdr)                \setlength{\headheight}{12.64723pt}.
(fancyhdr)                You might also make \topmargin smaller:
(fancyhdr)                \addtolength{\topmargin}{-0.64723pt}.

[295]
Overfull \hbox (48.89018pt too wide) in paragraph at lines 522--523
[]\TU/方正聚珍新仿简体(0)/m/n/10.53937 如 果 分 子 的 固 有 磁 矩 为 零\T1/lmr/m/n/10.53937 , \TU/方正聚珍新仿简体(0)/m/n/10.53937 那 么 在 外 磁 场 下 会 产 生 一 个 与 外 磁 场 反 向 的 磁 矩\T1/lmr/m/n/10.53937 , \TU/方正聚珍新仿简体(0)/m/n/10.53937 宏 观 上 造 成[]抗 磁 性[]\T1/lmr/m/n/10.53937 (diamagnetism).
 []




Package fancyhdr Warning: \headheight is too small (12.0pt): 
(fancyhdr)                Make it at least 12.64723pt, for example:
(fancyhdr)                \setlength{\headheight}{12.64723pt}.
(fancyhdr)                You might also make \topmargin smaller:
(fancyhdr)                \addtolength{\topmargin}{-0.64723pt}.

[296]


Package fancyhdr Warning: \headheight is too small (12.0pt): 
(fancyhdr)                Make it at least 12.64723pt, for example:
(fancyhdr)                \setlength{\headheight}{12.64723pt}.
(fancyhdr)                You might also make \topmargin smaller:
(fancyhdr)                \addtolength{\topmargin}{-0.64723pt}.

[297])


Package fancyhdr Warning: \headheight is too small (12.0pt): 
(fancyhdr)                Make it at least 12.64723pt, for example:
(fancyhdr)                \setlength{\headheight}{12.64723pt}.
(fancyhdr)                You might also make \topmargin smaller:
(fancyhdr)                \addtolength{\topmargin}{-0.64723pt}.

[298]
\openout2 = `chapter/induction.aux'.

(./chapter/induction.tex
第二十章


[299




]
File: image/7-5-1.png Graphic file (type bmp)
<image/7-5-1.png>



Package fancyhdr Warning: \headheight is too small (12.0pt): 
(fancyhdr)                Make it at least 12.64723pt, for example:
(fancyhdr)                \setlength{\headheight}{12.64723pt}.
(fancyhdr)                You might also make \topmargin smaller:
(fancyhdr)                \addtolength{\topmargin}{-0.64723pt}.

[300]


Package fancyhdr Warning: \headheight is too small (12.0pt): 
(fancyhdr)                Make it at least 12.64723pt, for example:
(fancyhdr)                \setlength{\headheight}{12.64723pt}.
(fancyhdr)                You might also make \topmargin smaller:
(fancyhdr)                \addtolength{\topmargin}{-0.64723pt}.

[301]


Package fancyhdr Warning: \headheight is too small (12.0pt): 
(fancyhdr)                Make it at least 12.64723pt, for example:
(fancyhdr)                \setlength{\headheight}{12.64723pt}.
(fancyhdr)                You might also make \topmargin smaller:
(fancyhdr)                \addtolength{\topmargin}{-0.64723pt}.

[302]


Package fancyhdr Warning: \headheight is too small (12.0pt): 
(fancyhdr)                Make it at least 12.64723pt, for example:
(fancyhdr)                \setlength{\headheight}{12.64723pt}.
(fancyhdr)                You might also make \topmargin smaller:
(fancyhdr)                \addtolength{\topmargin}{-0.64723pt}.

[303])


Package fancyhdr Warning: \headheight is too small (12.0pt): 
(fancyhdr)                Make it at least 12.64723pt, for example:
(fancyhdr)                \setlength{\headheight}{12.64723pt}.
(fancyhdr)                You might also make \topmargin smaller:
(fancyhdr)                \addtolength{\topmargin}{-0.64723pt}.

[304]
\openout2 = `chapter/maxwelle.aux'.

(./chapter/maxwelle.tex
第二十一章
File: image/7-6-1.png Graphic file (type bmp)
<image/7-6-1.png>

Underfull \hbox (badness 1642) in paragraph at lines 17--18
[][]\TU/方正聚珍新仿简体(0)/m/n/10.53937 一 切 的 源 起\T1/lmr/m/n/10.53937 ,\TU/方正聚珍新仿简体(0)/m/n/10.53937 在 于 麦 克 斯 韦 对 安 培 环 路 定 律 普 遍 性 的 质
 []


Overfull \vbox (0.30496pt too high) has occurred while \output is active []



[305




]


Package fancyhdr Warning: \headheight is too small (12.0pt): 
(fancyhdr)                Make it at least 12.64723pt, for example:
(fancyhdr)                \setlength{\headheight}{12.64723pt}.
(fancyhdr)                You might also make \topmargin smaller:
(fancyhdr)                \addtolength{\topmargin}{-0.64723pt}.

[306]


Package fancyhdr Warning: \headheight is too small (12.0pt): 
(fancyhdr)                Make it at least 12.64723pt, for example:
(fancyhdr)                \setlength{\headheight}{12.64723pt}.
(fancyhdr)                You might also make \topmargin smaller:
(fancyhdr)                \addtolength{\topmargin}{-0.64723pt}.

[307]


Package fancyhdr Warning: \headheight is too small (12.0pt): 
(fancyhdr)                Make it at least 12.64723pt, for example:
(fancyhdr)                \setlength{\headheight}{12.64723pt}.
(fancyhdr)                You might also make \topmargin smaller:
(fancyhdr)                \addtolength{\topmargin}{-0.64723pt}.

[308]


Package fancyhdr Warning: \headheight is too small (12.0pt): 
(fancyhdr)                Make it at least 12.64723pt, for example:
(fancyhdr)                \setlength{\headheight}{12.64723pt}.
(fancyhdr)                You might also make \topmargin smaller:
(fancyhdr)                \addtolength{\topmargin}{-0.64723pt}.

[309]
Overfull \hbox (16.62823pt too wide) in paragraph at lines 191--192
\TU/方正聚珍新仿简体(0)/m/n/10.53937 述\T1/lmr/m/n/10.53937 ,\TU/方正聚珍新仿简体(0)/m/n/10.53937 电 场 可 以 形 象 地 视 作 由 矢 势 变 化 产 生 的 \T1/lmr/m/n/10.53937 ``\TU/方正聚珍新仿简体(0)/m/n/10.53937 感 生 电 场\T1/lmr/m/n/10.53937 ''.\TU/方正聚珍新仿简体(0)/m/n/10.53937 而 在 电 现 象 占 主 导 地 位 时\T1/lmr/m/n/10.53937 ,\TU/方正聚珍新仿简体(0)/m/n/10.53937 更 常 采 用 库 仑 规 范 \T1/lmr/m/n/10.53937 (Columb
 []




Package fancyhdr Warning: \headheight is too small (12.0pt): 
(fancyhdr)                Make it at least 12.64723pt, for example:
(fancyhdr)                \setlength{\headheight}{12.64723pt}.
(fancyhdr)                You might also make \topmargin smaller:
(fancyhdr)                \addtolength{\topmargin}{-0.64723pt}.

[310]


Package fancyhdr Warning: \headheight is too small (12.0pt): 
(fancyhdr)                Make it at least 12.64723pt, for example:
(fancyhdr)                \setlength{\headheight}{12.64723pt}.
(fancyhdr)                You might also make \topmargin smaller:
(fancyhdr)                \addtolength{\topmargin}{-0.64723pt}.

[311]


Package fancyhdr Warning: \headheight is too small (12.0pt): 
(fancyhdr)                Make it at least 12.64723pt, for example:
(fancyhdr)                \setlength{\headheight}{12.64723pt}.
(fancyhdr)                You might also make \topmargin smaller:
(fancyhdr)                \addtolength{\topmargin}{-0.64723pt}.

[312]


Package fancyhdr Warning: \headheight is too small (12.0pt): 
(fancyhdr)                Make it at least 12.64723pt, for example:
(fancyhdr)                \setlength{\headheight}{12.64723pt}.
(fancyhdr)                You might also make \topmargin smaller:
(fancyhdr)                \addtolength{\topmargin}{-0.64723pt}.

[313]


Package fancyhdr Warning: \headheight is too small (12.0pt): 
(fancyhdr)                Make it at least 12.64723pt, for example:
(fancyhdr)                \setlength{\headheight}{12.64723pt}.
(fancyhdr)                You might also make \topmargin smaller:
(fancyhdr)                \addtolength{\topmargin}{-0.64723pt}.

[314]


Package fancyhdr Warning: \headheight is too small (12.0pt): 
(fancyhdr)                Make it at least 12.64723pt, for example:
(fancyhdr)                \setlength{\headheight}{12.64723pt}.
(fancyhdr)                You might also make \topmargin smaller:
(fancyhdr)                \addtolength{\topmargin}{-0.64723pt}.

[315]


Package fancyhdr Warning: \headheight is too small (12.0pt): 
(fancyhdr)                Make it at least 12.64723pt, for example:
(fancyhdr)                \setlength{\headheight}{12.64723pt}.
(fancyhdr)                You might also make \topmargin smaller:
(fancyhdr)                \addtolength{\topmargin}{-0.64723pt}.

[316])


Package fancyhdr Warning: \headheight is too small (12.0pt): 
(fancyhdr)                Make it at least 12.64723pt, for example:
(fancyhdr)                \setlength{\headheight}{12.64723pt}.
(fancyhdr)                You might also make \topmargin smaller:
(fancyhdr)                \addtolength{\topmargin}{-0.64723pt}.

[317]
\openout2 = `chapter/accurrent.aux'.

(./chapter/accurrent.tex


Package fancyhdr Warning: \headheight is too small (12.0pt): 
(fancyhdr)                Make it at least 12.64723pt, for example:
(fancyhdr)                \setlength{\headheight}{12.64723pt}.
(fancyhdr)                You might also make \topmargin smaller:
(fancyhdr)                \addtolength{\topmargin}{-0.64723pt}.

[318




]
第二十二章


[319]
File: image/7-7-1.png Graphic file (type bmp)
<image/7-7-1.png>



Package fancyhdr Warning: \headheight is too small (12.0pt): 
(fancyhdr)                Make it at least 12.64723pt, for example:
(fancyhdr)                \setlength{\headheight}{12.64723pt}.
(fancyhdr)                You might also make \topmargin smaller:
(fancyhdr)                \addtolength{\topmargin}{-0.64723pt}.

[320]
Overfull \hbox (2.69458pt too wide) in paragraph at lines 115--116
[]\TU/方正聚珍新仿简体(0)/m/n/10.53937 并 联 谐 振\T1/lmr/m/n/10.53937 :\TU/方正聚珍新仿简体(0)/m/n/10.53937 谐 振 一 般 定 义 为 相 位 谐 振 点\T1/lmr/m/n/10.53937 ,\TU/方正聚珍新仿简体(0)/m/n/10.53937 即 电 流 作 为 响 应 与 电 压 无 相 位 差\T1/lmr/m/n/10.53937 .\TU/方正聚珍新仿简体(0)/m/n/10.53937 此 时 阻 抗 一 般 接 近 最 大 值\T1/lmr/m/n/10.53937 ,\TU/方正聚珍新仿简体(0)/m/n/10.53937 故
 []

)


Package fancyhdr Warning: \headheight is too small (12.0pt): 
(fancyhdr)                Make it at least 12.64723pt, for example:
(fancyhdr)                \setlength{\headheight}{12.64723pt}.
(fancyhdr)                You might also make \topmargin smaller:
(fancyhdr)                \addtolength{\topmargin}{-0.64723pt}.

[321]
\openout2 = `chapter/goptics.aux'.

(./chapter/goptics.tex


Package fancyhdr Warning: \headheight is too small (12.0pt): 
(fancyhdr)                Make it at least 12.64723pt, for example:
(fancyhdr)                \setlength{\headheight}{12.64723pt}.
(fancyhdr)                You might also make \topmargin smaller:
(fancyhdr)                \addtolength{\topmargin}{-0.64723pt}.

[322




]
第二十三章
File: image/5-6-1.png Graphic file (type bmp)
<image/5-6-1.png>
File: image/5-6-2.png Graphic file (type bmp)
<image/5-6-2.png>

Overfull \hbox (28.45276pt too wide) in paragraph at lines 17--18
 [][] 
 []



[323]
File: image/5-6-3.png Graphic file (type bmp)
<image/5-6-3.png>

Underfull \vbox (badness 4403) has occurred while \output is active []




Package fancyhdr Warning: \headheight is too small (12.0pt): 
(fancyhdr)                Make it at least 12.64723pt, for example:
(fancyhdr)                \setlength{\headheight}{12.64723pt}.
(fancyhdr)                You might also make \topmargin smaller:
(fancyhdr)                \addtolength{\topmargin}{-0.64723pt}.

[324]
Overfull \hbox (28.07893pt too wide) in paragraph at lines 51--52
[]\TU/方正聚珍新仿简体(0)/m/n/10.53937 也 就 是 说\T1/lmr/m/n/10.53937 ,\TU/方正聚珍新仿简体(0)/m/n/10.53937 在 几 何 光 学 研 究 中\T1/lmr/m/n/10.53937 ,\TU/方正聚珍新仿简体(0)/m/n/10.53937 光 线 是 表\T1/lmr/m/n/10.53937 ,\TU/方正聚珍新仿简体(0)/m/n/10.53937 其 实 作 为 电 磁 场 的 光 波 才 是 里\T1/lmr/m/n/10.53937 .\TU/方正聚珍新仿简体(0)/m/n/10.53937 光 在 两 种 介 质 表 面 的[]反 射[]\T1/lmr/m/n/10.53937 (reflection)
 []

File: image/5-6-4.png Graphic file (type bmp)
<image/5-6-4.png>

Overfull \hbox (28.45276pt too wide) in paragraph at lines 58--59
 [][] 
 []


Overfull \hbox (2.67921pt too wide) in paragraph at lines 63--64
[]\TU/方正聚珍新仿简体(0)/m/n/10.53937 横 电 波[]\T1/lmr/m/n/10.53937 (TE wave),\TU/方正聚珍新仿简体(0)/m/n/10.53937 即 垂 直 偏 振 波 \T1/lmr/m/n/10.53937 (s[][][][][]-wave,s-polarized
 []


Overfull \hbox (8.56387pt too wide) in paragraph at lines 64--65
[]\TU/方正聚珍新仿简体(0)/m/n/10.53937 横 磁 波[]\T1/lmr/m/n/10.53937 (TM wave),\TU/方正聚珍新仿简体(0)/m/n/10.53937 即 平 行 偏 振 波 \T1/lmr/m/n/10.53937 (p[][][][][]-wave,p-polarized
 []




Package fancyhdr Warning: \headheight is too small (12.0pt): 
(fancyhdr)                Make it at least 12.64723pt, for example:
(fancyhdr)                \setlength{\headheight}{12.64723pt}.
(fancyhdr)                You might also make \topmargin smaller:
(fancyhdr)                \addtolength{\topmargin}{-0.64723pt}.

[325]
File: image/5-6-5.png Graphic file (type bmp)
<image/5-6-5.png>



Package fancyhdr Warning: \headheight is too small (12.0pt): 
(fancyhdr)                Make it at least 12.64723pt, for example:
(fancyhdr)                \setlength{\headheight}{12.64723pt}.
(fancyhdr)                You might also make \topmargin smaller:
(fancyhdr)                \addtolength{\topmargin}{-0.64723pt}.

[326]
File: image/5-6-6.png Graphic file (type bmp)
<image/5-6-6.png>



Package fancyhdr Warning: \headheight is too small (12.0pt): 
(fancyhdr)                Make it at least 12.64723pt, for example:
(fancyhdr)                \setlength{\headheight}{12.64723pt}.
(fancyhdr)                You might also make \topmargin smaller:
(fancyhdr)                \addtolength{\topmargin}{-0.64723pt}.

[327]
File: image/5-6-7.png Graphic file (type bmp)
<image/5-6-7.png>

Overfull \hbox (28.45276pt too wide) in paragraph at lines 148--150
 [][] 
 []




Package fancyhdr Warning: \headheight is too small (12.0pt): 
(fancyhdr)                Make it at least 12.64723pt, for example:
(fancyhdr)                \setlength{\headheight}{12.64723pt}.
(fancyhdr)                You might also make \topmargin smaller:
(fancyhdr)                \addtolength{\topmargin}{-0.64723pt}.

[328]
File: image/5-6-8.png Graphic file (type bmp)
<image/5-6-8.png>
File: image/5-6-9.png Graphic file (type bmp)
<image/5-6-9.png>



Package fancyhdr Warning: \headheight is too small (12.0pt): 
(fancyhdr)                Make it at least 12.64723pt, for example:
(fancyhdr)                \setlength{\headheight}{12.64723pt}.
(fancyhdr)                You might also make \topmargin smaller:
(fancyhdr)                \addtolength{\topmargin}{-0.64723pt}.

[329]


Package fancyhdr Warning: \headheight is too small (12.0pt): 
(fancyhdr)                Make it at least 12.64723pt, for example:
(fancyhdr)                \setlength{\headheight}{12.64723pt}.
(fancyhdr)                You might also make \topmargin smaller:
(fancyhdr)                \addtolength{\topmargin}{-0.64723pt}.

[330]
File: image/5-6-10.png Graphic file (type bmp)
<image/5-6-10.png>
File: image/5-6-11.png Graphic file (type bmp)
<image/5-6-11.png>



Package fancyhdr Warning: \headheight is too small (12.0pt): 
(fancyhdr)                Make it at least 12.64723pt, for example:
(fancyhdr)                \setlength{\headheight}{12.64723pt}.
(fancyhdr)                You might also make \topmargin smaller:
(fancyhdr)                \addtolength{\topmargin}{-0.64723pt}.

[331])


Package fancyhdr Warning: \headheight is too small (12.0pt): 
(fancyhdr)                Make it at least 12.64723pt, for example:
(fancyhdr)                \setlength{\headheight}{12.64723pt}.
(fancyhdr)                You might also make \topmargin smaller:
(fancyhdr)                \addtolength{\topmargin}{-0.64723pt}.

[332]
\openout2 = `chapter/opticals.aux'.

(./chapter/opticals.tex
第二十四章
File: image/5-7-1.png Graphic file (type bmp)
<image/5-7-1.png>
File: image/5-7-2.png Graphic file (type bmp)
<image/5-7-2.png>

Underfull \hbox (badness 1308) in paragraph at lines 33--34
\TU/方正聚珍新仿简体(0)/m/n/10.53937 概 念\T1/lmr/m/n/10.53937 .\TU/方正聚珍新仿简体(0)/m/n/10.53937 在 一 般 的 光 学 系 统 中\T1/lmr/m/n/10.53937 ,\TU/方正聚珍新仿简体(0)/m/n/10.53937 光 路 都 是 傍 轴 的\T1/lmr/m/n/10.53937 .\TU/方正聚珍新仿简体(0)/m/n/10.53937 即 满 足[]傍
 []


Underfull \hbox (badness 2707) in paragraph at lines 33--34
\TU/方正聚珍新仿简体(0)/m/n/10.53937 轴 条 件[]\T1/lmr/m/n/10.53937 (paraxial con-di-tion):\TU/方正聚珍新仿简体(0)/m/n/10.53937 有 一 条 中 心 光 线 作 为[]主 光
 []



[333




]
File: image/5-7-3.png Graphic file (type bmp)
<image/5-7-3.png>

Overfull \hbox (18.7407pt too wide) in paragraph at lines 50--51
\TU/方正聚珍新仿简体(0)/m/n/10.53937 图\T1/lmr/m/n/10.53937 ).\TU/方正聚珍新仿简体(0)/m/n/10.53937 各 量 的 符 号 设 定 如 图\T1/lmr/m/n/10.53937 ,$\OML/lmm/m/it/10.53937 s$ \TU/方正聚珍新仿简体(0)/m/n/10.53937 为[]物 距[]\T1/lmr/m/n/10.53937 (object dis-tance),$\OML/lmm/m/it/10.53937 s[]$ \TU/方正聚珍新仿简体(0)/m/n/10.53937 为[]像 距[]\T1/lmr/m/n/10.53937 (image dis-tance),$\OML/lmm/m/it/10.53937 y;  y[]$ \TU/方正聚珍新仿简体(0)/m/n/10.53937 则 为 物\T1/lmr/m/n/10.53937 ,\TU/方正聚珍新仿简体(0)/m/n/10.53937 像 的[]高[]\T1/lmr/m/n/10.53937 (height).\TU/方正聚珍新仿简体(0)/m/n/10.53937 由
 []




Package fancyhdr Warning: \headheight is too small (12.0pt): 
(fancyhdr)                Make it at least 12.64723pt, for example:
(fancyhdr)                \setlength{\headheight}{12.64723pt}.
(fancyhdr)                You might also make \topmargin smaller:
(fancyhdr)                \addtolength{\topmargin}{-0.64723pt}.

[334]
File: image/5-7-4.png Graphic file (type bmp)
<image/5-7-4.png>

Underfull \hbox (badness 5954) in paragraph at lines 78--79
\TU/方正聚珍新仿简体(0)/m/n/10.53937 时 意 味 着 入 射\T1/lmr/m/n/10.53937 ,\TU/方正聚珍新仿简体(0)/m/n/10.53937 出 射 光 成 为 了[]平 行 光[]\T1/lmr/m/n/10.53937 (collimated
 []




Package fancyhdr Warning: \headheight is too small (12.0pt): 
(fancyhdr)                Make it at least 12.64723pt, for example:
(fancyhdr)                \setlength{\headheight}{12.64723pt}.
(fancyhdr)                You might also make \topmargin smaller:
(fancyhdr)                \addtolength{\topmargin}{-0.64723pt}.

[335]
File: image/5-7-5.png Graphic file (type bmp)
<image/5-7-5.png>
File: image/5-7-6.png Graphic file (type bmp)
<image/5-7-6.png>



Package fancyhdr Warning: \headheight is too small (12.0pt): 
(fancyhdr)                Make it at least 12.64723pt, for example:
(fancyhdr)                \setlength{\headheight}{12.64723pt}.
(fancyhdr)                You might also make \topmargin smaller:
(fancyhdr)                \addtolength{\topmargin}{-0.64723pt}.

[336]


Package fancyhdr Warning: \headheight is too small (12.0pt): 
(fancyhdr)                Make it at least 12.64723pt, for example:
(fancyhdr)                \setlength{\headheight}{12.64723pt}.
(fancyhdr)                You might also make \topmargin smaller:
(fancyhdr)                \addtolength{\topmargin}{-0.64723pt}.

[337]
File: image/5-7-7.png Graphic file (type bmp)
<image/5-7-7.png>



Package fancyhdr Warning: \headheight is too small (12.0pt): 
(fancyhdr)                Make it at least 12.64723pt, for example:
(fancyhdr)                \setlength{\headheight}{12.64723pt}.
(fancyhdr)                You might also make \topmargin smaller:
(fancyhdr)                \addtolength{\topmargin}{-0.64723pt}.

[338]
File: image/5-7-8.png Graphic file (type bmp)
<image/5-7-8.png>
File: image/5-7-9.png Graphic file (type bmp)
<image/5-7-9.png>



Package fancyhdr Warning: \headheight is too small (12.0pt): 
(fancyhdr)                Make it at least 12.64723pt, for example:
(fancyhdr)                \setlength{\headheight}{12.64723pt}.
(fancyhdr)                You might also make \topmargin smaller:
(fancyhdr)                \addtolength{\topmargin}{-0.64723pt}.

[339]
File: image/5-7-10.png Graphic file (type bmp)
<image/5-7-10.png>
File: image/5-7-11.png Graphic file (type bmp)
<image/5-7-11.png>

Underfull \hbox (badness 2126) in paragraph at lines 276--277
[][]\TU/方正聚珍新仿简体(0)/m/n/10.53937 而 对 于 更 复 杂 而 常 见 的 厚 透 镜 系 统\T1/lmr/m/n/10.53937 ,\TU/方正聚珍新仿简体(0)/m/n/10.53937 一 般 我
 []


Underfull \hbox (badness 3039) in paragraph at lines 276--277
\TU/方正聚珍新仿简体(0)/m/n/10.53937 们 做 如 图 所 示 的 分 类\T1/lmr/m/n/10.53937 .\TU/方正聚珍新仿简体(0)/m/n/10.53937 即 分 为[]双 凸 透 镜[]\T1/lmr/m/n/10.53937 (biconvex
 []


Overfull \hbox (12.30453pt too wide) in paragraph at lines 276--277
\T1/lmr/m/n/10.53937 lens),[]\TU/方正聚珍新仿简体(0)/m/n/10.53937 双 凹 透 镜[]\T1/lmr/m/n/10.53937 (biconcave lens),[]\TU/方正聚珍新仿简体(0)/m/n/10.53937 平 凸 透 镜[]\T1/lmr/m/n/10.53937 (planoconvex
 []


Overfull \hbox (18.51097pt too wide) in paragraph at lines 276--277
\T1/lmr/m/n/10.53937 lens),[]\TU/方正聚珍新仿简体(0)/m/n/10.53937 平 凹 透 镜[]\T1/lmr/m/n/10.53937 (planoconcave lens),[]\TU/方正聚珍新仿简体(0)/m/n/10.53937 正 弯 月 透 镜[]\T1/lmr/m/n/10.53937 (positive
 []


Underfull \hbox (badness 1173) in paragraph at lines 276--277
\T1/lmr/m/n/10.53937 menis-cus lens) \TU/方正聚珍新仿简体(0)/m/n/10.53937 与[]负 弯 月 透 镜[]\T1/lmr/m/n/10.53937 (negative menis-cus
 []




Package fancyhdr Warning: \headheight is too small (12.0pt): 
(fancyhdr)                Make it at least 12.64723pt, for example:
(fancyhdr)                \setlength{\headheight}{12.64723pt}.
(fancyhdr)                You might also make \topmargin smaller:
(fancyhdr)                \addtolength{\topmargin}{-0.64723pt}.

[340]
File: image/5-7-12.png Graphic file (type bmp)
<image/5-7-12.png>

Underfull \vbox (badness 2042) has occurred while \output is active []




Package fancyhdr Warning: \headheight is too small (12.0pt): 
(fancyhdr)                Make it at least 12.64723pt, for example:
(fancyhdr)                \setlength{\headheight}{12.64723pt}.
(fancyhdr)                You might also make \topmargin smaller:
(fancyhdr)                \addtolength{\topmargin}{-0.64723pt}.

[341]
File: image/5-7-13.png Graphic file (type bmp)
<image/5-7-13.png>



Package fancyhdr Warning: \headheight is too small (12.0pt): 
(fancyhdr)                Make it at least 12.64723pt, for example:
(fancyhdr)                \setlength{\headheight}{12.64723pt}.
(fancyhdr)                You might also make \topmargin smaller:
(fancyhdr)                \addtolength{\topmargin}{-0.64723pt}.

[342]


Package fancyhdr Warning: \headheight is too small (12.0pt): 
(fancyhdr)                Make it at least 12.64723pt, for example:
(fancyhdr)                \setlength{\headheight}{12.64723pt}.
(fancyhdr)                You might also make \topmargin smaller:
(fancyhdr)                \addtolength{\topmargin}{-0.64723pt}.

[343])


Package fancyhdr Warning: \headheight is too small (12.0pt): 
(fancyhdr)                Make it at least 12.64723pt, for example:
(fancyhdr)                \setlength{\headheight}{12.64723pt}.
(fancyhdr)                You might also make \topmargin smaller:
(fancyhdr)                \addtolength{\topmargin}{-0.64723pt}.

[344]
\openout2 = `chapter/opticalp.aux'.

(./chapter/opticalp.tex
第二十五章
File: image/5-8-1.png Graphic file (type bmp)
<image/5-8-1.png>


[345




]
File: image/5-8-2.png Graphic file (type bmp)
<image/5-8-2.png>
File: image/5-8-3.png Graphic file (type bmp)
<image/5-8-3.png>



Package fancyhdr Warning: \headheight is too small (12.0pt): 
(fancyhdr)                Make it at least 12.64723pt, for example:
(fancyhdr)                \setlength{\headheight}{12.64723pt}.
(fancyhdr)                You might also make \topmargin smaller:
(fancyhdr)                \addtolength{\topmargin}{-0.64723pt}.

[346]
File: image/5-8-4.png Graphic file (type bmp)
<image/5-8-4.png>



Package fancyhdr Warning: \headheight is too small (12.0pt): 
(fancyhdr)                Make it at least 12.64723pt, for example:
(fancyhdr)                \setlength{\headheight}{12.64723pt}.
(fancyhdr)                You might also make \topmargin smaller:
(fancyhdr)                \addtolength{\topmargin}{-0.64723pt}.

[347]
Overfull \hbox (13.72029pt too wide) in paragraph at lines 75--76
[]\TU/方正聚珍新仿简体(0)/m/n/10.53937 并 不 是 色 度 图 上 每 一 个 点 都 代 表 实 际 的 某 种 光 产 生 的 三 激 励 值\T1/lmr/m/n/10.53937 . \TU/方正聚珍新仿简体(0)/m/n/10.53937 而 是 分 布 在 一 个 舌 形 的[]视 觉 色 域[]\T1/lmr/m/n/10.53937 (gamut
 []


Overfull \hbox (4.80023pt too wide) in paragraph at lines 84--85
\T1/lmr/m/n/10.53937 1931CIE \TU/方正聚珍新仿简体(0)/m/n/10.53937 标 准 中 选 取 的 三 原 色 均 来 自 可 见 光 谱 的 红 绿 蓝 三 种 单 色 光\T1/lmr/m/n/10.53937 , \TU/方正聚珍新仿简体(0)/m/n/10.53937 波 长 分 别 为 $\OT1/lmr/m/n/10.53937 700[]\OML/lmm/m/it/10.53937 ;  \OT1/lmr/m/n/10.53937 546\OML/lmm/m/it/10.53937 :\OT1/lmr/m/n/10.53937 1[]\OML/lmm/m/it/10.53937 ;  \OT1/lmr/m/n/10.53937 435\OML/lmm/m/it/10.53937 :\OT1/lmr/m/n/10.53937 8[]$\T1/lmr/m/n/10.53937 ,
 []

File: image/5-8-5.png Graphic file (type bmp)
<image/5-8-5.png>



Package fancyhdr Warning: \headheight is too small (12.0pt): 
(fancyhdr)                Make it at least 12.64723pt, for example:
(fancyhdr)                \setlength{\headheight}{12.64723pt}.
(fancyhdr)                You might also make \topmargin smaller:
(fancyhdr)                \addtolength{\topmargin}{-0.64723pt}.

[348]
Overfull \hbox (1.16673pt too wide) in paragraph at lines 112--113
[]\TU/方正聚珍新仿简体(0)/m/n/10.53937 这 其 实 就 是 说\T1/lmr/m/n/10.53937 , \TU/方正聚珍新仿简体(0)/m/n/10.53937 如 果 一 个 频 率 为 $\OT1/lmr/m/n/10.53937 540 \OMS/lmsy/m/n/10.53937 ^^B \OT1/lmr/m/n/10.53937 10[][]$ \TU/方正聚珍新仿简体(0)/m/n/10.53937 的 单 色 点 光 源 向 四 面 八 方 均 匀 发 光\T1/lmr/m/n/10.53937 , \TU/方正聚珍新仿简体(0)/m/n/10.53937 辐 射 强 度 为 $\OT1/lmr/m/n/10.53937 1[]$\T1/lmr/m/n/10.53937 (\TU/方正聚珍新仿简体(0)/m/n/10.53937 即
 []

File: image/5-8-6.png Graphic file (type bmp)
<image/5-8-6.png>

Underfull \vbox (badness 1097) has occurred while \output is active []




Package fancyhdr Warning: \headheight is too small (12.0pt): 
(fancyhdr)                Make it at least 12.64723pt, for example:
(fancyhdr)                \setlength{\headheight}{12.64723pt}.
(fancyhdr)                You might also make \topmargin smaller:
(fancyhdr)                \addtolength{\topmargin}{-0.64723pt}.

[349]


Package fancyhdr Warning: \headheight is too small (12.0pt): 
(fancyhdr)                Make it at least 12.64723pt, for example:
(fancyhdr)                \setlength{\headheight}{12.64723pt}.
(fancyhdr)                You might also make \topmargin smaller:
(fancyhdr)                \addtolength{\topmargin}{-0.64723pt}.

[350]


Package fancyhdr Warning: \headheight is too small (12.0pt): 
(fancyhdr)                Make it at least 12.64723pt, for example:
(fancyhdr)                \setlength{\headheight}{12.64723pt}.
(fancyhdr)                You might also make \topmargin smaller:
(fancyhdr)                \addtolength{\topmargin}{-0.64723pt}.

[351]


Package fancyhdr Warning: \headheight is too small (12.0pt): 
(fancyhdr)                Make it at least 12.64723pt, for example:
(fancyhdr)                \setlength{\headheight}{12.64723pt}.
(fancyhdr)                You might also make \topmargin smaller:
(fancyhdr)                \addtolength{\topmargin}{-0.64723pt}.

[352])


Package fancyhdr Warning: \headheight is too small (12.0pt): 
(fancyhdr)                Make it at least 12.64723pt, for example:
(fancyhdr)                \setlength{\headheight}{12.64723pt}.
(fancyhdr)                You might also make \topmargin smaller:
(fancyhdr)                \addtolength{\topmargin}{-0.64723pt}.

[353]
\openout2 = `chapter/interference.aux'.

(./chapter/interference.tex


Package fancyhdr Warning: \headheight is too small (12.0pt): 
(fancyhdr)                Make it at least 12.64723pt, for example:
(fancyhdr)                \setlength{\headheight}{12.64723pt}.
(fancyhdr)                You might also make \topmargin smaller:
(fancyhdr)                \addtolength{\topmargin}{-0.64723pt}.

[354




]
第二十六章
File: image/14-1-1.png Graphic file (type bmp)
<image/14-1-1.png>


[355]
Overfull \hbox (7.90152pt too wide) in paragraph at lines 48--49
\TU/方正聚珍新仿简体(0)/m/n/10.53937 味 着 研 究 单 色 光 的 传 播\T1/lmr/m/n/10.53937 ,\TU/方正聚珍新仿简体(0)/m/n/10.53937 那 么 代 入 便 会 发 现 实 际 上 $\OML/lmm/m/it/10.53937 A\OT1/lmr/m/n/10.53937 ([])$ \TU/方正聚珍新仿简体(0)/m/n/10.53937 需 要 满 足 的 对 空 间 的 方 程 为[]亥 姆 霍 兹 方 程[]\T1/lmr/m/n/10.53937 (helmholtz
 []

File: image/14-1-2.png Graphic file (type bmp)
<image/14-1-2.png>



Package fancyhdr Warning: \headheight is too small (12.0pt): 
(fancyhdr)                Make it at least 12.64723pt, for example:
(fancyhdr)                \setlength{\headheight}{12.64723pt}.
(fancyhdr)                You might also make \topmargin smaller:
(fancyhdr)                \addtolength{\topmargin}{-0.64723pt}.

[356]
Underfull \hbox (badness 1173) in paragraph at lines 73--74
\TU/方正聚珍新仿简体(0)/m/n/10.53937 时 我 们 习 惯 把 $\OML/lmm/m/it/10.53937 x$ \TU/方正聚珍新仿简体(0)/m/n/10.53937 和 $\OML/lmm/m/it/10.53937 y$ \TU/方正聚珍新仿简体(0)/m/n/10.53937 方 向 方 向 余 弦
 []


Underfull \hbox (badness 2111) in paragraph at lines 73--74
[] \OML/lmm/m/it/10.53937 ^^K[];  [] ^^K[]$ \TU/方正聚珍新仿简体(0)/m/n/10.53937 使 用 的 约 $\OT1/lmr/m/n/10.53937 90$ \TU/方正聚珍新仿简体(0)/m/n/10.53937 度 的 角 度
 []




Package fancyhdr Warning: \headheight is too small (12.0pt): 
(fancyhdr)                Make it at least 12.64723pt, for example:
(fancyhdr)                \setlength{\headheight}{12.64723pt}.
(fancyhdr)                You might also make \topmargin smaller:
(fancyhdr)                \addtolength{\topmargin}{-0.64723pt}.

[357]


Package fancyhdr Warning: \headheight is too small (12.0pt): 
(fancyhdr)                Make it at least 12.64723pt, for example:
(fancyhdr)                \setlength{\headheight}{12.64723pt}.
(fancyhdr)                You might also make \topmargin smaller:
(fancyhdr)                \addtolength{\topmargin}{-0.64723pt}.

[358]
File: image/14-1-3.png Graphic file (type bmp)
<image/14-1-3.png>



Package fancyhdr Warning: \headheight is too small (12.0pt): 
(fancyhdr)                Make it at least 12.64723pt, for example:
(fancyhdr)                \setlength{\headheight}{12.64723pt}.
(fancyhdr)                You might also make \topmargin smaller:
(fancyhdr)                \addtolength{\topmargin}{-0.64723pt}.

[359]
Overfull \hbox (33.05534pt too wide) in paragraph at lines 176--177
\TU/方正聚珍新仿简体(0)/m/n/10.53937 况\T1/lmr/m/n/10.53937 .\TU/方正聚珍新仿简体(0)/m/n/10.53937 比 如 把 杨 氏 实 验 换 成 多 个 孔\T1/lmr/m/n/10.53937 ,\TU/方正聚珍新仿简体(0)/m/n/10.53937 或 者 把 孔 换 成 全 同 的 散 射 单 元\T1/lmr/m/n/10.53937 .\TU/方正聚珍新仿简体(0)/m/n/10.53937 多 光 束 干 涉 的 进 一 步 推 广 就 是[]衍 射[]\T1/lmr/m/n/10.53937 (diffraction),\TU/方正聚珍新仿简体(0)/m/n/10.53937 此
 []

File: image/14-1-4.png Graphic file (type bmp)
<image/14-1-4.png>
File: image/14-1-5.png Graphic file (type bmp)
<image/14-1-5.png>
File: image/14-1-6.png Graphic file (type bmp)
<image/14-1-6.png>



Package fancyhdr Warning: \headheight is too small (12.0pt): 
(fancyhdr)                Make it at least 12.64723pt, for example:
(fancyhdr)                \setlength{\headheight}{12.64723pt}.
(fancyhdr)                You might also make \topmargin smaller:
(fancyhdr)                \addtolength{\topmargin}{-0.64723pt}.

[360]
File: image/14-1-7.png Graphic file (type bmp)
<image/14-1-7.png>
File: image/14-1-8.png Graphic file (type bmp)
<image/14-1-8.png>

Underfull \hbox (badness 10000) in paragraph at lines 232--238
[][]
 []




Package fancyhdr Warning: \headheight is too small (12.0pt): 
(fancyhdr)                Make it at least 12.64723pt, for example:
(fancyhdr)                \setlength{\headheight}{12.64723pt}.
(fancyhdr)                You might also make \topmargin smaller:
(fancyhdr)                \addtolength{\topmargin}{-0.64723pt}.

[361]


Package fancyhdr Warning: \headheight is too small (12.0pt): 
(fancyhdr)                Make it at least 12.64723pt, for example:
(fancyhdr)                \setlength{\headheight}{12.64723pt}.
(fancyhdr)                You might also make \topmargin smaller:
(fancyhdr)                \addtolength{\topmargin}{-0.64723pt}.

[362]
Overfull \hbox (2.29509pt too wide) in paragraph at lines 337--338
[]\TU/方正聚珍新仿简体(0)/m/n/10.53937 一 般 原 因\T1/lmr/m/n/10.53937 :\TU/方正聚珍新仿简体(0)/m/n/10.53937 发 光 的 不 连 续 性\T1/lmr/m/n/10.53937 ,\TU/方正聚珍新仿简体(0)/m/n/10.53937 存 在 波 列 长 度 $\OML/lmm/m/it/10.53937 L$\T1/lmr/m/n/10.53937 .\TU/方正聚珍新仿简体(0)/m/n/10.53937 内 在 原 因 为 光 源 的 非 单 色 性\T1/lmr/m/n/10.53937 ,\TU/方正聚珍新仿简体(0)/m/n/10.53937 即 波 长 存 在 不 确 定 度 $\OML/mdbch/m/n/10.53937 ^^A\OML/lmm/m/it/10.53937 ^^U$\T1/lmr/m/n/10.53937 .\TU/方正聚珍新仿简体(0)/m/n/10.53937 两
 []

)


Package fancyhdr Warning: \headheight is too small (12.0pt): 
(fancyhdr)                Make it at least 12.64723pt, for example:
(fancyhdr)                \setlength{\headheight}{12.64723pt}.
(fancyhdr)                You might also make \topmargin smaller:
(fancyhdr)                \addtolength{\topmargin}{-0.64723pt}.

[363]
\openout2 = `chapter/diffraction.aux'.

(./chapter/diffraction.tex


Package fancyhdr Warning: \headheight is too small (12.0pt): 
(fancyhdr)                Make it at least 12.64723pt, for example:
(fancyhdr)                \setlength{\headheight}{12.64723pt}.
(fancyhdr)                You might also make \topmargin smaller:
(fancyhdr)                \addtolength{\topmargin}{-0.64723pt}.

[364




]
第二十七章
File: image/14-2-2.png Graphic file (type bmp)
<image/14-2-2.png>
File: image/14-2-3.png Graphic file (type bmp)
<image/14-2-3.png>


[365])


Package fancyhdr Warning: \headheight is too small (12.0pt): 
(fancyhdr)                Make it at least 12.64723pt, for example:
(fancyhdr)                \setlength{\headheight}{12.64723pt}.
(fancyhdr)                You might also make \topmargin smaller:
(fancyhdr)                \addtolength{\topmargin}{-0.64723pt}.

[366]
\openout2 = `chapter/relativity.aux'.

(./chapter/relativity.tex
第二十八章


[367




]


Package fancyhdr Warning: \headheight is too small (12.0pt): 
(fancyhdr)                Make it at least 12.64723pt, for example:
(fancyhdr)                \setlength{\headheight}{12.64723pt}.
(fancyhdr)                You might also make \topmargin smaller:
(fancyhdr)                \addtolength{\topmargin}{-0.64723pt}.

[368]


Package fancyhdr Warning: \headheight is too small (12.0pt): 
(fancyhdr)                Make it at least 12.64723pt, for example:
(fancyhdr)                \setlength{\headheight}{12.64723pt}.
(fancyhdr)                You might also make \topmargin smaller:
(fancyhdr)                \addtolength{\topmargin}{-0.64723pt}.

[369]


Package fancyhdr Warning: \headheight is too small (12.0pt): 
(fancyhdr)                Make it at least 12.64723pt, for example:
(fancyhdr)                \setlength{\headheight}{12.64723pt}.
(fancyhdr)                You might also make \topmargin smaller:
(fancyhdr)                \addtolength{\topmargin}{-0.64723pt}.

[370])


Package fancyhdr Warning: \headheight is too small (12.0pt): 
(fancyhdr)                Make it at least 12.64723pt, for example:
(fancyhdr)                \setlength{\headheight}{12.64723pt}.
(fancyhdr)                You might also make \topmargin smaller:
(fancyhdr)                \addtolength{\topmargin}{-0.64723pt}.

[371]
\openout2 = `chapter/photon.aux'.

(./chapter/photon.tex


Package fancyhdr Warning: \headheight is too small (12.0pt): 
(fancyhdr)                Make it at least 12.64723pt, for example:
(fancyhdr)                \setlength{\headheight}{12.64723pt}.
(fancyhdr)                You might also make \topmargin smaller:
(fancyhdr)                \addtolength{\topmargin}{-0.64723pt}.

[372




]
第二十九章

Overfull \hbox (25.21039pt too wide) in paragraph at lines 7--8
[]\TU/方正聚珍新仿简体(0)/m/n/10.53937 蓝 天\T1/lmr/m/n/10.53937 ,\TU/方正聚珍新仿简体(0)/m/n/10.53937 白 云\T1/lmr/m/n/10.53937 ,\TU/方正聚珍新仿简体(0)/m/n/10.53937 红 太 阳\T1/lmr/m/n/10.53937 .\TU/方正聚珍新仿简体(0)/m/n/10.53937 在 简 单 的 自 然 现 象 中 蕴 含 着 光 在 传 播 过 程 中 的 另 外 一 种 典 型 的 现 象\T1/lmr/m/n/10.53937 :[]\TU/方正聚珍新仿简体(0)/m/n/10.53937 散 射[]\T1/lmr/m/n/10.53937 (scattering).\TU/方正聚珍新仿简体(0)/m/n/10.53937 而
 []

File: image/16-1-1.jpg Graphic file (type bmp)
<image/16-1-1.jpg>


[373]


Package fancyhdr Warning: \headheight is too small (12.0pt): 
(fancyhdr)                Make it at least 12.64728pt, for example:
(fancyhdr)                \setlength{\headheight}{12.64728pt}.
(fancyhdr)                You might also make \topmargin smaller:
(fancyhdr)                \addtolength{\topmargin}{-0.64728pt}.

[374]
File: image/18-1-2.jpg Graphic file (type bmp)
<image/18-1-2.jpg>



Package fancyhdr Warning: \headheight is too small (12.0pt): 
(fancyhdr)                Make it at least 12.64728pt, for example:
(fancyhdr)                \setlength{\headheight}{12.64728pt}.
(fancyhdr)                You might also make \topmargin smaller:
(fancyhdr)                \addtolength{\topmargin}{-0.64728pt}.

[375]
Underfull \hbox (badness 1221) in paragraph at lines 113--114
[][]\TU/方正聚珍新仿简体(0)/m/n/10.53937 历 史 上 虽 然 电 子 作 为 粒 子 的 发 现 是 \T1/lmr/m/n/10.53937 1897 \TU/方正聚珍新仿简体(0)/m/n/10.53937 年[]汤 姆 孙[]\T1/lmr/m/n/10.53937 (J. J.
 []




Package fancyhdr Warning: \headheight is too small (12.0pt): 
(fancyhdr)                Make it at least 12.64728pt, for example:
(fancyhdr)                \setlength{\headheight}{12.64728pt}.
(fancyhdr)                You might also make \topmargin smaller:
(fancyhdr)                \addtolength{\topmargin}{-0.64728pt}.

[376]
File: image/18-1-1.png Graphic file (type bmp)
<image/18-1-1.png>

Overfull \hbox (14.69423pt too wide) in paragraph at lines 150--151
[]\TU/方正聚珍新仿简体(0)/m/n/10.53937 两 个 函 数 看 上 去 复 杂\T1/lmr/m/n/10.53937 ,\TU/方正聚珍新仿简体(0)/m/n/10.53937 其 实 都 属 于 近 似 的[]洛 伦 兹 型 函 数[]\T1/lmr/m/n/10.53937 (lorentzian
 []

File: image/18-1-3.png Graphic file (type bmp)
<image/18-1-3.png>
File: image/18-1-4.png Graphic file (type bmp)
<image/18-1-4.png>



Package fancyhdr Warning: \headheight is too small (12.0pt): 
(fancyhdr)                Make it at least 12.64728pt, for example:
(fancyhdr)                \setlength{\headheight}{12.64728pt}.
(fancyhdr)                You might also make \topmargin smaller:
(fancyhdr)                \addtolength{\topmargin}{-0.64728pt}.

[377]


Package fancyhdr Warning: \headheight is too small (12.0pt): 
(fancyhdr)                Make it at least 12.64728pt, for example:
(fancyhdr)                \setlength{\headheight}{12.64728pt}.
(fancyhdr)                You might also make \topmargin smaller:
(fancyhdr)                \addtolength{\topmargin}{-0.64728pt}.

[378]


Package fancyhdr Warning: \headheight is too small (12.0pt): 
(fancyhdr)                Make it at least 12.64728pt, for example:
(fancyhdr)                \setlength{\headheight}{12.64728pt}.
(fancyhdr)                You might also make \topmargin smaller:
(fancyhdr)                \addtolength{\topmargin}{-0.64728pt}.

[379]


Package fancyhdr Warning: \headheight is too small (12.0pt): 
(fancyhdr)                Make it at least 12.64728pt, for example:
(fancyhdr)                \setlength{\headheight}{12.64728pt}.
(fancyhdr)                You might also make \topmargin smaller:
(fancyhdr)                \addtolength{\topmargin}{-0.64728pt}.

[380]


Package fancyhdr Warning: \headheight is too small (12.0pt): 
(fancyhdr)                Make it at least 12.64728pt, for example:
(fancyhdr)                \setlength{\headheight}{12.64728pt}.
(fancyhdr)                You might also make \topmargin smaller:
(fancyhdr)                \addtolength{\topmargin}{-0.64728pt}.

[381])


Package fancyhdr Warning: \headheight is too small (12.0pt): 
(fancyhdr)                Make it at least 12.64728pt, for example:
(fancyhdr)                \setlength{\headheight}{12.64728pt}.
(fancyhdr)                You might also make \topmargin smaller:
(fancyhdr)                \addtolength{\topmargin}{-0.64728pt}.

[382]
\openout2 = `chapter/quantum.aux'.

(./chapter/quantum.tex
第三十章


[383




])


Package fancyhdr Warning: \headheight is too small (12.0pt): 
(fancyhdr)                Make it at least 12.64723pt, for example:
(fancyhdr)                \setlength{\headheight}{12.64723pt}.
(fancyhdr)                You might also make \topmargin smaller:
(fancyhdr)                \addtolength{\topmargin}{-0.64723pt}.

[384] (./physical-olympics-2.aux (./chapter/preamble.aux) (./chapter/kinematics.aux) (./chapter/dynamics.aux) (./chapter/statics.aux) (./chapter/harmonics.aux) (./chapter/gravity.aux) (./chapter/rigidbody.aux) (./chapter/elasticity.aux) (./chapter/fluid.aux) (./chapter/relativity.aux) (./chapter/thermoI.aux) (./chapter/thermoII.aux) (./chapter/maxwell.aux) (./chapter/liquidsolid.aux) (./chapter/phasechange.aux) (./chapter/electrostatics.aux) (./chapter/conductordielectric.aux) (./chapter/steadycurrent.aux) (./chapter/magnetostatics.aux) (./chapter/induction.aux) (./chapter/maxwelle.aux) (./chapter/accurrent.aux) (./chapter/goptics.aux) (./chapter/opticals.aux) (./chapter/opticalp.aux) (./chapter/interference.aux) (./chapter/diffraction.aux) (./chapter/relativity.aux) (./chapter/photon.aux) (./chapter/quantum.aux))
 ***********
LaTeX2e <2025-06-01> patch level 1
L3 programming layer <2022/08/05>
 ***********

LaTeX Font Warning: Size substitutions with differences
(Font)              up to 0.47188pt have occurred.


LaTeX Font Warning: Some font shapes were not available, defaults substituted.


LaTeX Warning: There were undefined references.


LaTeX Warning: There were multiply-defined labels.

Package rerunfilecheck Info: File `physical-olympics-2.out' has not changed.
(rerunfilecheck)             Checksum: AC197904ED36969EBC1803DE47B5FD5C;34395.
 ) 
Here is how much of TeX's memory you used:
 24964 strings out of 468441
 518025 string characters out of 5449220
 951347 words of memory out of 5000000
 52548 multiletter control sequences out of 15000+600000
 744421 words of font info for 203 fonts, out of 8000000 for 9000
 1348 hyphenation exceptions out of 8191
 93i,15n,117p,1201b,558s stack positions out of 10000i,1000n,20000p,200000b,200000s

Output written on physical-olympics-2.pdf (386 pages).
